<?xml version="1.0" encoding="UTF-8"?>
<kml xmlns="http://www.opengis.net/kml/2.2" xmlns:gx="http://www.google.com/kml/ext/2.2" xmlns:kml="http://www.opengis.net/kml/2.2" xmlns:atom="http://www.w3.org/2005/Atom">
<Document>
	<name>Valais updated 2.kml</name>
	<open>1</open>
	<atom:link rel="app" href="https://www.google.com/earth/about/versions/#earth-pro" title="Google Earth Pro 7.3.7.1155"></atom:link>
	<Style id="PolyStyle20">
		<LabelStyle>
			<color>00000000</color>
			<scale>0</scale>
		</LabelStyle>
		<LineStyle>
			<color>ff0000e6</color>
			<width>2</width>
		</LineStyle>
		<PolyStyle>
			<color>00ffffff</color>
		</PolyStyle>
	</Style>
	<StyleMap id="PolyStyle200">
		<Pair>
			<key>normal</key>
			<styleUrl>#PolyStyle2012</styleUrl>
		</Pair>
		<Pair>
			<key>highlight</key>
			<styleUrl>#PolyStyle207</styleUrl>
		</Pair>
	</StyleMap>
	<StyleMap id="PolyStyle201">
		<Pair>
			<key>normal</key>
			<styleUrl>#PolyStyle2039</styleUrl>
		</Pair>
		<Pair>
			<key>highlight</key>
			<styleUrl>#PolyStyle2026</styleUrl>
		</Pair>
	</StyleMap>
	<Style id="PolyStyle2010">
		<LabelStyle>
			<color>00000000</color>
			<scale>0</scale>
		</LabelStyle>
		<LineStyle>
			<color>ff0000e6</color>
			<width>2</width>
		</LineStyle>
		<PolyStyle>
			<color>00ffffff</color>
		</PolyStyle>
	</Style>
	<Style id="PolyStyle2011">
		<LabelStyle>
			<color>00000000</color>
			<scale>0</scale>
		</LabelStyle>
		<LineStyle>
			<color>ff0000e6</color>
			<width>2</width>
		</LineStyle>
		<PolyStyle>
			<color>00ffffff</color>
		</PolyStyle>
	</Style>
	<Style id="PolyStyle2012">
		<LabelStyle>
			<color>00000000</color>
			<scale>0</scale>
		</LabelStyle>
		<LineStyle>
			<color>ff0000e6</color>
			<width>2</width>
		</LineStyle>
		<PolyStyle>
			<color>00ffffff</color>
		</PolyStyle>
	</Style>
	<StyleMap id="PolyStyle2013">
		<Pair>
			<key>normal</key>
			<styleUrl>#PolyStyle2027</styleUrl>
		</Pair>
		<Pair>
			<key>highlight</key>
			<styleUrl>#PolyStyle2017</styleUrl>
		</Pair>
	</StyleMap>
	<StyleMap id="PolyStyle2014">
		<Pair>
			<key>normal</key>
			<styleUrl>#PolyStyle2038</styleUrl>
		</Pair>
		<Pair>
			<key>highlight</key>
			<styleUrl>#PolyStyle205</styleUrl>
		</Pair>
	</StyleMap>
	<Style id="PolyStyle2015">
		<LabelStyle>
			<color>00000000</color>
			<scale>0</scale>
		</LabelStyle>
		<LineStyle>
			<color>ff0000e6</color>
			<width>2</width>
		</LineStyle>
		<PolyStyle>
			<color>00ffffff</color>
		</PolyStyle>
	</Style>
	<Style id="PolyStyle2016">
		<LabelStyle>
			<color>00000000</color>
			<scale>0</scale>
		</LabelStyle>
		<LineStyle>
			<color>ff0000e6</color>
			<width>2</width>
		</LineStyle>
		<PolyStyle>
			<color>00ffffff</color>
		</PolyStyle>
	</Style>
	<Style id="PolyStyle2017">
		<LabelStyle>
			<color>00000000</color>
			<scale>0</scale>
		</LabelStyle>
		<LineStyle>
			<color>ff0000e6</color>
			<width>2</width>
		</LineStyle>
		<PolyStyle>
			<color>00ffffff</color>
		</PolyStyle>
	</Style>
	<Style id="PolyStyle2018">
		<LabelStyle>
			<color>00000000</color>
			<scale>0</scale>
		</LabelStyle>
		<LineStyle>
			<color>ff0000e6</color>
			<width>2</width>
		</LineStyle>
		<PolyStyle>
			<color>00ffffff</color>
		</PolyStyle>
	</Style>
	<Style id="PolyStyle2019">
		<LabelStyle>
			<color>00000000</color>
			<scale>0</scale>
		</LabelStyle>
		<LineStyle>
			<color>ff0000e6</color>
			<width>2</width>
		</LineStyle>
		<PolyStyle>
			<color>00ffffff</color>
		</PolyStyle>
	</Style>
	<StyleMap id="PolyStyle202">
		<Pair>
			<key>normal</key>
			<styleUrl>#PolyStyle2041</styleUrl>
		</Pair>
		<Pair>
			<key>highlight</key>
			<styleUrl>#PolyStyle2030</styleUrl>
		</Pair>
	</StyleMap>
	<Style id="PolyStyle2020">
		<LabelStyle>
			<color>00000000</color>
			<scale>0</scale>
		</LabelStyle>
		<LineStyle>
			<color>ff0000e6</color>
			<width>2</width>
		</LineStyle>
		<PolyStyle>
			<color>00ffffff</color>
		</PolyStyle>
	</Style>
	<Style id="PolyStyle2021">
		<LabelStyle>
			<color>00000000</color>
			<scale>0</scale>
		</LabelStyle>
		<LineStyle>
			<color>ff0000e6</color>
			<width>2</width>
		</LineStyle>
		<PolyStyle>
			<color>00ffffff</color>
		</PolyStyle>
	</Style>
	<Style id="PolyStyle2022">
		<LabelStyle>
			<color>00000000</color>
			<scale>0</scale>
		</LabelStyle>
		<LineStyle>
			<color>ff0000e6</color>
			<width>2</width>
		</LineStyle>
		<PolyStyle>
			<color>00ffffff</color>
		</PolyStyle>
	</Style>
	<StyleMap id="PolyStyle2023">
		<Pair>
			<key>normal</key>
			<styleUrl>#PolyStyle2011</styleUrl>
		</Pair>
		<Pair>
			<key>highlight</key>
			<styleUrl>#PolyStyle2043</styleUrl>
		</Pair>
	</StyleMap>
	<Style id="PolyStyle2024">
		<LabelStyle>
			<color>00000000</color>
			<scale>0</scale>
		</LabelStyle>
		<LineStyle>
			<color>ff0000e6</color>
			<width>2</width>
		</LineStyle>
		<PolyStyle>
			<color>00ffffff</color>
		</PolyStyle>
	</Style>
	<StyleMap id="PolyStyle2025">
		<Pair>
			<key>normal</key>
			<styleUrl>#PolyStyle2022</styleUrl>
		</Pair>
		<Pair>
			<key>highlight</key>
			<styleUrl>#PolyStyle204</styleUrl>
		</Pair>
	</StyleMap>
	<Style id="PolyStyle2026">
		<LabelStyle>
			<color>00000000</color>
			<scale>0</scale>
		</LabelStyle>
		<LineStyle>
			<color>ff0000e6</color>
			<width>2</width>
		</LineStyle>
		<PolyStyle>
			<color>00ffffff</color>
		</PolyStyle>
	</Style>
	<Style id="PolyStyle2027">
		<LabelStyle>
			<color>00000000</color>
			<scale>0</scale>
		</LabelStyle>
		<LineStyle>
			<color>ff0000e6</color>
			<width>2</width>
		</LineStyle>
		<PolyStyle>
			<color>00ffffff</color>
		</PolyStyle>
	</Style>
	<Style id="PolyStyle2028">
		<LabelStyle>
			<color>00000000</color>
			<scale>0</scale>
		</LabelStyle>
		<LineStyle>
			<color>ff0000e6</color>
			<width>2</width>
		</LineStyle>
		<PolyStyle>
			<color>00ffffff</color>
		</PolyStyle>
	</Style>
	<StyleMap id="PolyStyle2029">
		<Pair>
			<key>normal</key>
			<styleUrl>#PolyStyle2010</styleUrl>
		</Pair>
		<Pair>
			<key>highlight</key>
			<styleUrl>#PolyStyle208</styleUrl>
		</Pair>
	</StyleMap>
	<StyleMap id="PolyStyle203">
		<Pair>
			<key>normal</key>
			<styleUrl>#PolyStyle2032</styleUrl>
		</Pair>
		<Pair>
			<key>highlight</key>
			<styleUrl>#PolyStyle2015</styleUrl>
		</Pair>
	</StyleMap>
	<Style id="PolyStyle2030">
		<LabelStyle>
			<color>00000000</color>
			<scale>0</scale>
		</LabelStyle>
		<LineStyle>
			<color>ff0000e6</color>
			<width>2</width>
		</LineStyle>
		<PolyStyle>
			<color>00ffffff</color>
		</PolyStyle>
	</Style>
	<Style id="PolyStyle2031">
		<LabelStyle>
			<color>00000000</color>
			<scale>0</scale>
		</LabelStyle>
		<LineStyle>
			<color>ff0000e6</color>
			<width>2</width>
		</LineStyle>
		<PolyStyle>
			<color>00ffffff</color>
		</PolyStyle>
	</Style>
	<Style id="PolyStyle2032">
		<LabelStyle>
			<color>00000000</color>
			<scale>0</scale>
		</LabelStyle>
		<LineStyle>
			<color>ff0000e6</color>
			<width>2</width>
		</LineStyle>
		<PolyStyle>
			<color>00ffffff</color>
		</PolyStyle>
	</Style>
	<StyleMap id="PolyStyle2033">
		<Pair>
			<key>normal</key>
			<styleUrl>#PolyStyle2042</styleUrl>
		</Pair>
		<Pair>
			<key>highlight</key>
			<styleUrl>#PolyStyle20</styleUrl>
		</Pair>
	</StyleMap>
	<StyleMap id="PolyStyle2034">
		<Pair>
			<key>normal</key>
			<styleUrl>#PolyStyle2028</styleUrl>
		</Pair>
		<Pair>
			<key>highlight</key>
			<styleUrl>#PolyStyle2036</styleUrl>
		</Pair>
	</StyleMap>
	<StyleMap id="PolyStyle2035">
		<Pair>
			<key>normal</key>
			<styleUrl>#PolyStyle2019</styleUrl>
		</Pair>
		<Pair>
			<key>highlight</key>
			<styleUrl>#PolyStyle2031</styleUrl>
		</Pair>
	</StyleMap>
	<Style id="PolyStyle2036">
		<LabelStyle>
			<color>00000000</color>
			<scale>0</scale>
		</LabelStyle>
		<LineStyle>
			<color>ff0000e6</color>
			<width>2</width>
		</LineStyle>
		<PolyStyle>
			<color>00ffffff</color>
		</PolyStyle>
	</Style>
	<StyleMap id="PolyStyle2037">
		<Pair>
			<key>normal</key>
			<styleUrl>#PolyStyle2020</styleUrl>
		</Pair>
		<Pair>
			<key>highlight</key>
			<styleUrl>#PolyStyle2016</styleUrl>
		</Pair>
	</StyleMap>
	<Style id="PolyStyle2038">
		<LabelStyle>
			<color>00000000</color>
			<scale>0</scale>
		</LabelStyle>
		<LineStyle>
			<color>ff0000e6</color>
			<width>2</width>
		</LineStyle>
		<PolyStyle>
			<color>00ffffff</color>
		</PolyStyle>
	</Style>
	<Style id="PolyStyle2039">
		<LabelStyle>
			<color>00000000</color>
			<scale>0</scale>
		</LabelStyle>
		<LineStyle>
			<color>ff0000e6</color>
			<width>2</width>
		</LineStyle>
		<PolyStyle>
			<color>00ffffff</color>
		</PolyStyle>
	</Style>
	<Style id="PolyStyle204">
		<LabelStyle>
			<color>00000000</color>
			<scale>0</scale>
		</LabelStyle>
		<LineStyle>
			<color>ff0000e6</color>
			<width>2</width>
		</LineStyle>
		<PolyStyle>
			<color>00ffffff</color>
		</PolyStyle>
	</Style>
	<StyleMap id="PolyStyle2040">
		<Pair>
			<key>normal</key>
			<styleUrl>#PolyStyle209</styleUrl>
		</Pair>
		<Pair>
			<key>highlight</key>
			<styleUrl>#PolyStyle206</styleUrl>
		</Pair>
	</StyleMap>
	<Style id="PolyStyle2041">
		<LabelStyle>
			<color>00000000</color>
			<scale>0</scale>
		</LabelStyle>
		<LineStyle>
			<color>ff0000e6</color>
			<width>2</width>
		</LineStyle>
		<PolyStyle>
			<color>00ffffff</color>
		</PolyStyle>
	</Style>
	<Style id="PolyStyle2042">
		<LabelStyle>
			<color>00000000</color>
			<scale>0</scale>
		</LabelStyle>
		<LineStyle>
			<color>ff0000e6</color>
			<width>2</width>
		</LineStyle>
		<PolyStyle>
			<color>00ffffff</color>
		</PolyStyle>
	</Style>
	<Style id="PolyStyle2043">
		<LabelStyle>
			<color>00000000</color>
			<scale>0</scale>
		</LabelStyle>
		<LineStyle>
			<color>ff0000e6</color>
			<width>2</width>
		</LineStyle>
		<PolyStyle>
			<color>00ffffff</color>
		</PolyStyle>
	</Style>
	<StyleMap id="PolyStyle2044">
		<Pair>
			<key>normal</key>
			<styleUrl>#PolyStyle2021</styleUrl>
		</Pair>
		<Pair>
			<key>highlight</key>
			<styleUrl>#PolyStyle2024</styleUrl>
		</Pair>
	</StyleMap>
	<Style id="PolyStyle205">
		<LabelStyle>
			<color>00000000</color>
			<scale>0</scale>
		</LabelStyle>
		<LineStyle>
			<color>ff0000e6</color>
			<width>2</width>
		</LineStyle>
		<PolyStyle>
			<color>00ffffff</color>
		</PolyStyle>
	</Style>
	<Style id="PolyStyle206">
		<LabelStyle>
			<color>00000000</color>
			<scale>0</scale>
		</LabelStyle>
		<LineStyle>
			<color>ff0000e6</color>
			<width>2</width>
		</LineStyle>
		<PolyStyle>
			<color>00ffffff</color>
		</PolyStyle>
	</Style>
	<Style id="PolyStyle207">
		<LabelStyle>
			<color>00000000</color>
			<scale>0</scale>
		</LabelStyle>
		<LineStyle>
			<color>ff0000e6</color>
			<width>2</width>
		</LineStyle>
		<PolyStyle>
			<color>00ffffff</color>
		</PolyStyle>
	</Style>
	<Style id="PolyStyle208">
		<LabelStyle>
			<color>00000000</color>
			<scale>0</scale>
		</LabelStyle>
		<LineStyle>
			<color>ff0000e6</color>
			<width>2</width>
		</LineStyle>
		<PolyStyle>
			<color>00ffffff</color>
		</PolyStyle>
	</Style>
	<Style id="PolyStyle209">
		<LabelStyle>
			<color>00000000</color>
			<scale>0</scale>
		</LabelStyle>
		<LineStyle>
			<color>ff0000e6</color>
			<width>2</width>
		</LineStyle>
		<PolyStyle>
			<color>00ffffff</color>
		</PolyStyle>
	</Style>
	<Folder>
		<name>Valais</name>
		<open>1</open>
		<Folder id="GroupLayer11">
			<name>Mailbox.kml</name>
			<Snippet maxLines="0"></Snippet>
			<Folder id="FeatureLayer12">
				<name>Mailbox</name>
				<Snippet maxLines="0"></Snippet>
				<Placemark id="ID_120000">
					<name>Upper Mailbox</name>
					<Snippet maxLines="0"></Snippet>
					<description><![CDATA[<html xmlns:fo="http://www.w3.org/1999/XSL/Format" xmlns:msxsl="urn:schemas-microsoft-com:xslt">

<head>

<META http-equiv="Content-Type" content="text/html">

<meta http-equiv="content-type" content="text/html; charset=UTF-8">

</head>

<body style="margin:0px 0px 0px 0px;overflow:auto;background:#FFFFFF;">

<table style="font-family:Arial,Verdana,Times;font-size:12px;text-align:left;width:100%;border-collapse:collapse;padding:3px 3px 3px 3px">

<tr style="text-align:center;font-weight:bold;background:#9CBCE2">

<td>Placemark</td>

</tr>

<tr>

<td>

<table style="font-family:Arial,Verdana,Times;font-size:12px;text-align:left;width:100%;border-spacing:0px; padding:3px 3px 3px 3px">

<tr>

<td>OID</td>

<td>7</td>

</tr>

<tr bgcolor="#D4E4F3">

<td>Name</td>

<td>Placemark</td>

</tr>

<tr>

<td>FolderPath</td>

<td>Valais.kml/Valais/Mailbox.kml/Mailbox</td>

</tr>

<tr bgcolor="#D4E4F3">

<td>area</td>

<td>74.44294</td>

</tr>

<tr>

<td>area_1</td>

<td>744429.4</td>

</tr>

</table>

</td>

</tr>

</table>

</body>

</html>]]></description>
					<styleUrl>#PolyStyle2035</styleUrl>
					<MultiGeometry>
						<Polygon>
							<outerBoundaryIs>
								<LinearRing>
									<coordinates>
										150.298849655,-31.77458276799996,0 150.2991992320001,-31.77448249899993,0 150.2993302800001,-31.77433197999994,0 150.3022485820001,-31.77343808899997,0 150.3042559310001,-31.77374204299997,0 150.3076078830001,-31.77427289499997,0 150.3081971450001,-31.77360903399995,0 150.3083711640001,-31.77161079099994,0 150.307565595,-31.76735544799993,0 150.3059366910001,-31.76565271399994,0 150.30636585,-31.76504859399995,0 150.304600938,-31.76439803399995,0 150.3040638450001,-31.76472031399993,0 150.2996195970001,-31.76701554699997,0 150.2992828810001,-31.77094842599996,0 150.299270983,-31.77109119299996,0 150.2992620600001,-31.77118637199993,0 150.2992263680001,-31.77149867599997,0 150.2991252410001,-31.77231958999994,0 150.2990925240001,-31.77257835599994,0 150.2990241140001,-31.77315834999996,0 150.2989438070001,-31.77380972799995,0 150.298849655,-31.77458276799996,0 
									</coordinates>
								</LinearRing>
							</outerBoundaryIs>
						</Polygon>
					</MultiGeometry>
				</Placemark>
				<Placemark id="ID_120001">
					<name>Lower Mailbox</name>
					<Snippet maxLines="0"></Snippet>
					<description><![CDATA[<html xmlns:fo="http://www.w3.org/1999/XSL/Format" xmlns:msxsl="urn:schemas-microsoft-com:xslt">

<head>

<META http-equiv="Content-Type" content="text/html">

<meta http-equiv="content-type" content="text/html; charset=UTF-8">

</head>

<body style="margin:0px 0px 0px 0px;overflow:auto;background:#FFFFFF;">

<table style="font-family:Arial,Verdana,Times;font-size:12px;text-align:left;width:100%;border-collapse:collapse;padding:3px 3px 3px 3px">

<tr style="text-align:center;font-weight:bold;background:#9CBCE2">

<td>Placemark</td>

</tr>

<tr>

<td>

<table style="font-family:Arial,Verdana,Times;font-size:12px;text-align:left;width:100%;border-spacing:0px; padding:3px 3px 3px 3px">

<tr>

<td>OID</td>

<td>17</td>

</tr>

<tr bgcolor="#D4E4F3">

<td>Name</td>

<td>Placemark</td>

</tr>

<tr>

<td>FolderPath</td>

<td>Valais.kml/Valais/Mailbox.kml/Mailbox</td>

</tr>

<tr bgcolor="#D4E4F3">

<td>area</td>

<td>42.49249</td>

</tr>

<tr>

<td>area_1</td>

<td>424924.8</td>

</tr>

</table>

</td>

</tr>

</table>

</body>

</html>]]></description>
					<styleUrl>#PolyStyle2033</styleUrl>
					<MultiGeometry>
						<Polygon>
							<outerBoundaryIs>
								<LinearRing>
									<coordinates>
										150.298849655,-31.77458276799996,0 150.2989438070001,-31.77380972799995,0 150.2990241140001,-31.77315834999996,0 150.2990925240001,-31.77257835599994,0 150.2991252410001,-31.77231958999994,0 150.2992263680001,-31.77149867599997,0 150.2992620600001,-31.77118637199993,0 150.299270983,-31.77109119299996,0 150.2992828810001,-31.77094842599996,0 150.2996195970001,-31.76701554699997,0 150.299436062,-31.76702378699997,0 150.291080165,-31.76946749199993,0 150.293568227,-31.77246918199995,0 150.2942703960001,-31.77336783799996,0 150.2953150400001,-31.77338102399995,0 150.2954130150001,-31.77460425199996,0 150.2981861440001,-31.77464434199993,0 150.2985046050001,-31.77477435599997,0 150.298847955,-31.77458325599997,0 150.298849655,-31.77458276799996,0 
									</coordinates>
								</LinearRing>
							</outerBoundaryIs>
						</Polygon>
					</MultiGeometry>
				</Placemark>
			</Folder>
		</Folder>
		<Folder id="FeatureLayer10">
			<name>Lower_Larrys_Creek</name>
			<Snippet maxLines="0"></Snippet>
			<Placemark id="ID_100000">
				<name>Lower_Larrys_Creek</name>
				<Snippet maxLines="0"></Snippet>
				<description><![CDATA[<html xmlns:fo="http://www.w3.org/1999/XSL/Format" xmlns:msxsl="urn:schemas-microsoft-com:xslt">

<head>

<META http-equiv="Content-Type" content="text/html">

<meta http-equiv="content-type" content="text/html; charset=UTF-8">

</head>

<body style="margin:0px 0px 0px 0px;overflow:auto;background:#FFFFFF;">

<table style="font-family:Arial,Verdana,Times;font-size:12px;text-align:left;width:100%;border-collapse:collapse;padding:3px 3px 3px 3px">

<tr style="text-align:center;font-weight:bold;background:#9CBCE2">

<td>Placemark</td>

</tr>

<tr>

<td>

<table style="font-family:Arial,Verdana,Times;font-size:12px;text-align:left;width:100%;border-spacing:0px; padding:3px 3px 3px 3px">

<tr>

<td>OID</td>

<td>5</td>

</tr>

<tr bgcolor="#D4E4F3">

<td>Name</td>

<td>Placemark</td>

</tr>

<tr>

<td>FolderPath</td>

<td>Valais.kml/Valais/Lower Larrys Creek.kml/Lower_Larrys_Creek</td>

</tr>

<tr bgcolor="#D4E4F3">

<td>area</td>

<td>99.44788</td>

</tr>

<tr>

<td>area_1</td>

<td>994478.8</td>

</tr>

</table>

</td>

</tr>

</table>

</body>

</html>]]></description>
				<styleUrl>#PolyStyle200</styleUrl>
				<MultiGeometry>
					<Polygon>
						<outerBoundaryIs>
							<LinearRing>
								<coordinates>
									150.2571393500001,-31.77424765299998,0 150.2565653310001,-31.77050479099995,0 150.2534410640001,-31.76609837799998,0 150.247978815,-31.76360269799994,0 150.2456531940001,-31.76287859099995,0 150.2452964160001,-31.76303100399997,0 150.2457013180001,-31.76945216099995,0 150.2482952590001,-31.77317578699996,0 150.248571941,-31.77381299199993,0 150.2487737060001,-31.77377226599998,0 150.250173557,-31.77533548899993,0 150.2500774230001,-31.77573018099997,0 150.2504800370001,-31.77603645599993,0 150.250944181,-31.77666130999995,0 150.253378998,-31.77431199799997,0 150.2571393500001,-31.77424765299998,0 
								</coordinates>
							</LinearRing>
						</outerBoundaryIs>
					</Polygon>
				</MultiGeometry>
			</Placemark>
			<Placemark id="ID_100001">
				<name>Lower_Larrys_Creek</name>
				<Snippet maxLines="0"></Snippet>
				<description><![CDATA[<html xmlns:fo="http://www.w3.org/1999/XSL/Format" xmlns:msxsl="urn:schemas-microsoft-com:xslt">

<head>

<META http-equiv="Content-Type" content="text/html">

<meta http-equiv="content-type" content="text/html; charset=UTF-8">

</head>

<body style="margin:0px 0px 0px 0px;overflow:auto;background:#FFFFFF;">

<table style="font-family:Arial,Verdana,Times;font-size:12px;text-align:left;width:100%;border-collapse:collapse;padding:3px 3px 3px 3px">

<tr style="text-align:center;font-weight:bold;background:#9CBCE2">

<td>Placemark</td>

</tr>

<tr>

<td>

<table style="font-family:Arial,Verdana,Times;font-size:12px;text-align:left;width:100%;border-spacing:0px; padding:3px 3px 3px 3px">

<tr>

<td>OID</td>

<td>6</td>

</tr>

<tr bgcolor="#D4E4F3">

<td>Name</td>

<td>Placemark</td>

</tr>

<tr>

<td>FolderPath</td>

<td>Valais.kml/Valais/Lower Larrys Creek.kml/Lower_Larrys_Creek</td>

</tr>

<tr bgcolor="#D4E4F3">

<td>area</td>

<td>26.51275</td>

</tr>

<tr>

<td>area_1</td>

<td>265127.5</td>

</tr>

</table>

</td>

</tr>

</table>

</body>

</html>]]></description>
				<styleUrl>#PolyStyle203</styleUrl>
				<MultiGeometry>
					<Polygon>
						<outerBoundaryIs>
							<LinearRing>
								<coordinates>
									150.250944181,-31.77666130999995,0 150.25105867,-31.77681544099994,0 150.253546129,-31.77810519499997,0 150.2536594920001,-31.77810698699994,0 150.2543714210001,-31.77866339799994,0 150.2574252440001,-31.78014826999998,0 150.257956732,-31.78000455699998,0 150.2580057810001,-31.77989716599996,0 150.2571393500001,-31.77424765299998,0 150.253378998,-31.77431199799997,0 150.250944181,-31.77666130999995,0 
								</coordinates>
							</LinearRing>
						</outerBoundaryIs>
					</Polygon>
				</MultiGeometry>
			</Placemark>
		</Folder>
		<Folder id="FeatureLayer8">
			<name>Lane</name>
			<Snippet maxLines="0"></Snippet>
			<Placemark id="ID_80000">
				<name>Lane</name>
				<Snippet maxLines="0"></Snippet>
				<description><![CDATA[<html xmlns:fo="http://www.w3.org/1999/XSL/Format" xmlns:msxsl="urn:schemas-microsoft-com:xslt">

<head>

<META http-equiv="Content-Type" content="text/html">

<meta http-equiv="content-type" content="text/html; charset=UTF-8">

</head>

<body style="margin:0px 0px 0px 0px;overflow:auto;background:#FFFFFF;">

<table style="font-family:Arial,Verdana,Times;font-size:12px;text-align:left;width:100%;border-collapse:collapse;padding:3px 3px 3px 3px">

<tr style="text-align:center;font-weight:bold;background:#9CBCE2">

<td>Placemark</td>

</tr>

<tr>

<td>

<table style="font-family:Arial,Verdana,Times;font-size:12px;text-align:left;width:100%;border-spacing:0px; padding:3px 3px 3px 3px">

<tr>

<td>OID</td>

<td>4</td>

</tr>

<tr bgcolor="#D4E4F3">

<td>Name</td>

<td>Placemark</td>

</tr>

<tr>

<td>FolderPath</td>

<td>Valais.kml/Valais/Lane.kml/Lane</td>

</tr>

<tr bgcolor="#D4E4F3">

<td>area</td>

<td>55.7108</td>

</tr>

<tr>

<td>area_1</td>

<td>557108</td>

</tr>

</table>

</td>

</tr>

</table>

</body>

</html>]]></description>
				<styleUrl>#PolyStyle2029</styleUrl>
				<MultiGeometry>
					<Polygon>
						<outerBoundaryIs>
							<LinearRing>
								<coordinates>
									150.27979368,-31.75514140699994,0 150.286407863,-31.75632859699994,0 150.2876572440001,-31.75635521999993,0 150.2872728880001,-31.75127912799997,0 150.287276086,-31.75102183499996,0 150.2687459790001,-31.74833047499993,0 150.2687250570001,-31.74888842299998,0 150.2737639630001,-31.74939999099996,0 150.276332611,-31.74971998299998,0 150.278045042,-31.75214626399998,0 150.27979368,-31.75514140699994,0 
								</coordinates>
							</LinearRing>
						</outerBoundaryIs>
					</Polygon>
				</MultiGeometry>
			</Placemark>
			<Placemark id="ID_80001">
				<name>Lane</name>
				<Snippet maxLines="0"></Snippet>
				<description><![CDATA[<html xmlns:fo="http://www.w3.org/1999/XSL/Format" xmlns:msxsl="urn:schemas-microsoft-com:xslt">

<head>

<META http-equiv="Content-Type" content="text/html">

<meta http-equiv="content-type" content="text/html; charset=UTF-8">

</head>

<body style="margin:0px 0px 0px 0px;overflow:auto;background:#FFFFFF;">

<table style="font-family:Arial,Verdana,Times;font-size:12px;text-align:left;width:100%;border-collapse:collapse;padding:3px 3px 3px 3px">

<tr style="text-align:center;font-weight:bold;background:#9CBCE2">

<td>Placemark</td>

</tr>

<tr>

<td>

<table style="font-family:Arial,Verdana,Times;font-size:12px;text-align:left;width:100%;border-spacing:0px; padding:3px 3px 3px 3px">

<tr>

<td>OID</td>

<td>23</td>

</tr>

<tr bgcolor="#D4E4F3">

<td>Name</td>

<td>Placemark</td>

</tr>

<tr>

<td>FolderPath</td>

<td>Valais.kml/Valais/Lane.kml/Lane</td>

</tr>

<tr bgcolor="#D4E4F3">

<td>area</td>

<td>34.44886</td>

</tr>

<tr>

<td>area_1</td>

<td>344488.7</td>

</tr>

</table>

</td>

</tr>

</table>

</body>

</html>]]></description>
				<styleUrl>#PolyStyle2023</styleUrl>
				<MultiGeometry>
					<Polygon>
						<outerBoundaryIs>
							<LinearRing>
								<coordinates>
									150.2876572440001,-31.75635521999993,0 150.286407863,-31.75632859699994,0 150.27979368,-31.75514140699994,0 150.2822230160001,-31.75904380399993,0 150.2829766800001,-31.76070109499995,0 150.282981842,-31.76070933499995,0 150.28705504,-31.76163572899998,0 150.2875763120001,-31.76192640699998,0 150.287842478,-31.76213945899998,0 150.2880956290001,-31.76214485199995,0 150.2876572440001,-31.75635521999993,0 
								</coordinates>
							</LinearRing>
						</outerBoundaryIs>
					</Polygon>
				</MultiGeometry>
			</Placemark>
			<Placemark id="ID_80002">
				<name>Lane</name>
				<Snippet maxLines="0"></Snippet>
				<description><![CDATA[<html xmlns:fo="http://www.w3.org/1999/XSL/Format" xmlns:msxsl="urn:schemas-microsoft-com:xslt">

<head>

<META http-equiv="Content-Type" content="text/html">

<meta http-equiv="content-type" content="text/html; charset=UTF-8">

</head>

<body style="margin:0px 0px 0px 0px;overflow:auto;background:#FFFFFF;">

<table style="font-family:Arial,Verdana,Times;font-size:12px;text-align:left;width:100%;border-collapse:collapse;padding:3px 3px 3px 3px">

<tr style="text-align:center;font-weight:bold;background:#9CBCE2">

<td>Placemark</td>

</tr>

<tr>

<td>

<table style="font-family:Arial,Verdana,Times;font-size:12px;text-align:left;width:100%;border-spacing:0px; padding:3px 3px 3px 3px">

<tr>

<td>OID</td>

<td>24</td>

</tr>

<tr bgcolor="#D4E4F3">

<td>Name</td>

<td>Placemark</td>

</tr>

<tr>

<td>FolderPath</td>

<td>Valais.kml/Valais/Lane.kml/Lane</td>

</tr>

<tr bgcolor="#D4E4F3">

<td>area</td>

<td>41.09822</td>

</tr>

<tr>

<td>area_1</td>

<td>410982.3</td>

</tr>

</table>

</td>

</tr>

</table>

</body>

</html>]]></description>
				<styleUrl>#PolyStyle2014</styleUrl>
				<MultiGeometry>
					<Polygon>
						<outerBoundaryIs>
							<LinearRing>
								<coordinates>
									150.27979368,-31.75514140699994,0 150.278045042,-31.75214626399998,0 150.276332611,-31.74971998299998,0 150.2737639630001,-31.74939999099996,0 150.277765024,-31.75952283999993,0 150.282981842,-31.76070933499995,0 150.2829766800001,-31.76070109499995,0 150.2822230160001,-31.75904380399993,0 150.27979368,-31.75514140699994,0 
								</coordinates>
							</LinearRing>
						</outerBoundaryIs>
					</Polygon>
				</MultiGeometry>
			</Placemark>
		</Folder>
		<Folder id="FeatureLayer6">
			<name>Hill</name>
			<Snippet maxLines="0"></Snippet>
			<Placemark id="ID_60000">
				<name>Hill</name>
				<Snippet maxLines="0"></Snippet>
				<description><![CDATA[<html xmlns:fo="http://www.w3.org/1999/XSL/Format" xmlns:msxsl="urn:schemas-microsoft-com:xslt">

<head>

<META http-equiv="Content-Type" content="text/html">

<meta http-equiv="content-type" content="text/html; charset=UTF-8">

</head>

<body style="margin:0px 0px 0px 0px;overflow:auto;background:#FFFFFF;">

<table style="font-family:Arial,Verdana,Times;font-size:12px;text-align:left;width:100%;border-collapse:collapse;padding:3px 3px 3px 3px">

<tr style="text-align:center;font-weight:bold;background:#9CBCE2">

<td>Placemark</td>

</tr>

<tr>

<td>

<table style="font-family:Arial,Verdana,Times;font-size:12px;text-align:left;width:100%;border-spacing:0px; padding:3px 3px 3px 3px">

<tr>

<td>OID</td>

<td>3</td>

</tr>

<tr bgcolor="#D4E4F3">

<td>Name</td>

<td>Placemark</td>

</tr>

<tr>

<td>FolderPath</td>

<td>Valais.kml/Valais/Hill.kml/Hill</td>

</tr>

<tr bgcolor="#D4E4F3">

<td>area</td>

<td>109.2358</td>

</tr>

<tr>

<td>area_1</td>

<td>1092358</td>

</tr>

</table>

</td>

</tr>

</table>

</body>

</html>]]></description>
				<styleUrl>#PolyStyle2037</styleUrl>
				<MultiGeometry>
					<Polygon>
						<outerBoundaryIs>
							<LinearRing>
								<coordinates>
									150.267654168,-31.77569391499998,0 150.267299394,-31.77770616599997,0 150.2677722540001,-31.77957392899998,0 150.2678348920001,-31.78210919899993,0 150.2680935340001,-31.78444136299993,0 150.2691945040001,-31.78691712399996,0 150.274695422,-31.78629697799994,0 150.2762455390001,-31.78187596099997,0 150.2769684440001,-31.78002221799994,0 150.2777221320001,-31.77918416799997,0 150.280843878,-31.77484000399994,0 150.267654168,-31.77569391499998,0 
								</coordinates>
							</LinearRing>
						</outerBoundaryIs>
					</Polygon>
				</MultiGeometry>
			</Placemark>
			<Placemark id="ID_60001">
				<name>Hill</name>
				<Snippet maxLines="0"></Snippet>
				<description><![CDATA[<html xmlns:fo="http://www.w3.org/1999/XSL/Format" xmlns:msxsl="urn:schemas-microsoft-com:xslt">

<head>

<META http-equiv="Content-Type" content="text/html">

<meta http-equiv="content-type" content="text/html; charset=UTF-8">

</head>

<body style="margin:0px 0px 0px 0px;overflow:auto;background:#FFFFFF;">

<table style="font-family:Arial,Verdana,Times;font-size:12px;text-align:left;width:100%;border-collapse:collapse;padding:3px 3px 3px 3px">

<tr style="text-align:center;font-weight:bold;background:#9CBCE2">

<td>Placemark</td>

</tr>

<tr>

<td>

<table style="font-family:Arial,Verdana,Times;font-size:12px;text-align:left;width:100%;border-spacing:0px; padding:3px 3px 3px 3px">

<tr>

<td>OID</td>

<td>31</td>

</tr>

<tr bgcolor="#D4E4F3">

<td>Name</td>

<td>Placemark</td>

</tr>

<tr>

<td>FolderPath</td>

<td>Valais.kml/Valais/Hill.kml/Hill</td>

</tr>

<tr bgcolor="#D4E4F3">

<td>area</td>

<td>69.38551</td>

</tr>

<tr>

<td>area_1</td>

<td>693855.1</td>

</tr>

</table>

</td>

</tr>

</table>

</body>

</html>]]></description>
				<styleUrl>#PolyStyle201</styleUrl>
				<MultiGeometry>
					<Polygon>
						<outerBoundaryIs>
							<LinearRing>
								<coordinates>
									150.280843878,-31.77484000399994,0 150.2810791050001,-31.77397044799994,0 150.281562696,-31.77106567999994,0 150.2775249660001,-31.77026048199997,0 150.267263841,-31.77066276999994,0 150.2670373180001,-31.77226296699996,0 150.2675571770001,-31.77360872399993,0 150.2676541730001,-31.77569385599998,0 150.267654168,-31.77569391499998,0 150.280843878,-31.77484000399994,0 
								</coordinates>
							</LinearRing>
						</outerBoundaryIs>
					</Polygon>
				</MultiGeometry>
			</Placemark>
		</Folder>
		<Folder id="FeatureLayer4">
			<name>Bills</name>
			<Snippet maxLines="0"></Snippet>
			<Placemark id="ID_40000">
				<name>Bills</name>
				<Snippet maxLines="0"></Snippet>
				<description><![CDATA[<html xmlns:fo="http://www.w3.org/1999/XSL/Format" xmlns:msxsl="urn:schemas-microsoft-com:xslt">

<head>

<META http-equiv="Content-Type" content="text/html">

<meta http-equiv="content-type" content="text/html; charset=UTF-8">

</head>

<body style="margin:0px 0px 0px 0px;overflow:auto;background:#FFFFFF;">

<table style="font-family:Arial,Verdana,Times;font-size:12px;text-align:left;width:100%;border-collapse:collapse;padding:3px 3px 3px 3px">

<tr style="text-align:center;font-weight:bold;background:#9CBCE2">

<td>Placemark</td>

</tr>

<tr>

<td>

<table style="font-family:Arial,Verdana,Times;font-size:12px;text-align:left;width:100%;border-spacing:0px; padding:3px 3px 3px 3px">

<tr>

<td>OID</td>

<td>2</td>

</tr>

<tr bgcolor="#D4E4F3">

<td>Name</td>

<td>Placemark</td>

</tr>

<tr>

<td>FolderPath</td>

<td>Valais.kml/Valais/Bills.kml/Bills</td>

</tr>

<tr bgcolor="#D4E4F3">

<td>area</td>

<td>42.89684</td>

</tr>

<tr>

<td>area_1</td>

<td>428968.4</td>

</tr>

</table>

</td>

</tr>

</table>

</body>

</html>]]></description>
				<styleUrl>#PolyStyle2018</styleUrl>
				<MultiGeometry>
					<Polygon>
						<outerBoundaryIs>
							<LinearRing>
								<coordinates>
									150.299436062,-31.76702378699997,0 150.299705267,-31.76470016299993,0 150.289942491,-31.76500501199996,0 150.289225307,-31.76502740699993,0 150.2890340580001,-31.76576692699996,0 150.2882973740001,-31.76572003499996,0 150.2883257570001,-31.76688525899994,0 150.2879830420001,-31.76776396399998,0 150.288191169,-31.76942884999994,0 150.288700077,-31.76928155199993,0 150.291080165,-31.76946749199993,0 150.299436062,-31.76702378699997,0 
								</coordinates>
							</LinearRing>
						</outerBoundaryIs>
					</Polygon>
				</MultiGeometry>
			</Placemark>
			<Placemark id="ID_40001">
				<name>Bills</name>
				<Snippet maxLines="0"></Snippet>
				<description><![CDATA[<html xmlns:fo="http://www.w3.org/1999/XSL/Format" xmlns:msxsl="urn:schemas-microsoft-com:xslt">

<head>

<META http-equiv="Content-Type" content="text/html">

<meta http-equiv="content-type" content="text/html; charset=UTF-8">

</head>

<body style="margin:0px 0px 0px 0px;overflow:auto;background:#FFFFFF;">

<table style="font-family:Arial,Verdana,Times;font-size:12px;text-align:left;width:100%;border-collapse:collapse;padding:3px 3px 3px 3px">

<tr style="text-align:center;font-weight:bold;background:#9CBCE2">

<td>Placemark</td>

</tr>

<tr>

<td>

<table style="font-family:Arial,Verdana,Times;font-size:12px;text-align:left;width:100%;border-spacing:0px; padding:3px 3px 3px 3px">

<tr>

<td>OID</td>

<td>18</td>

</tr>

<tr bgcolor="#D4E4F3">

<td>Name</td>

<td>Placemark</td>

</tr>

<tr>

<td>FolderPath</td>

<td>Valais.kml/Valais/Bills.kml/Bills</td>

</tr>

<tr bgcolor="#D4E4F3">

<td>area</td>

<td>41.44402</td>

</tr>

<tr>

<td>area_1</td>

<td>414440.2</td>

</tr>

</table>

</td>

</tr>

</table>

</body>

</html>]]></description>
				<styleUrl>#PolyStyle2018</styleUrl>
				<MultiGeometry>
					<Polygon>
						<outerBoundaryIs>
							<LinearRing>
								<coordinates>
									150.289225307,-31.76502740699993,0 150.289942491,-31.76500501199996,0 150.299705267,-31.76470016299993,0 150.3001081670001,-31.76064174699997,0 150.2880956290001,-31.76214485199995,0 150.288231523,-31.76327494899994,0 150.2892584660001,-31.76425268799994,0 150.289225307,-31.76502740699993,0 
								</coordinates>
							</LinearRing>
						</outerBoundaryIs>
					</Polygon>
				</MultiGeometry>
			</Placemark>
			<Placemark id="ID_40002">
				<name>Bills</name>
				<Snippet maxLines="0"></Snippet>
				<description><![CDATA[<html xmlns:fo="http://www.w3.org/1999/XSL/Format" xmlns:msxsl="urn:schemas-microsoft-com:xslt">

<head>

<META http-equiv="Content-Type" content="text/html">

<meta http-equiv="content-type" content="text/html; charset=UTF-8">

</head>

<body style="margin:0px 0px 0px 0px;overflow:auto;background:#FFFFFF;">

<table style="font-family:Arial,Verdana,Times;font-size:12px;text-align:left;width:100%;border-collapse:collapse;padding:3px 3px 3px 3px">

<tr style="text-align:center;font-weight:bold;background:#9CBCE2">

<td>Placemark</td>

</tr>

<tr>

<td>

<table style="font-family:Arial,Verdana,Times;font-size:12px;text-align:left;width:100%;border-spacing:0px; padding:3px 3px 3px 3px">

<tr>

<td>OID</td>

<td>19</td>

</tr>

<tr bgcolor="#D4E4F3">

<td>Name</td>

<td>Placemark</td>

</tr>

<tr>

<td>FolderPath</td>

<td>Valais.kml/Valais/Bills.kml/Bills</td>

</tr>

<tr bgcolor="#D4E4F3">

<td>area</td>

<td>24.27756</td>

</tr>

<tr>

<td>area_1</td>

<td>242775.6</td>

</tr>

</table>

</td>

</tr>

</table>

</body>

</html>]]></description>
				<styleUrl>#PolyStyle2018</styleUrl>
				<MultiGeometry>
					<Polygon>
						<outerBoundaryIs>
							<LinearRing>
								<coordinates>
									150.299436062,-31.76702378699997,0 150.2996196080001,-31.76701554399995,0 150.3040638450001,-31.76472031399993,0 150.304600938,-31.76439803399995,0 150.30636585,-31.76504859399995,0 150.3072113230001,-31.76392361199994,0 150.306123369,-31.76358259999995,0 150.303580536,-31.76391652299998,0 150.3011491360001,-31.75895939199996,0 150.3005283260001,-31.75892838399994,0 150.3003475090001,-31.75894239499996,0 150.3001081670001,-31.76064174699997,0 150.299705267,-31.76470016299993,0 150.299436062,-31.76702378699997,0 
								</coordinates>
							</LinearRing>
						</outerBoundaryIs>
					</Polygon>
				</MultiGeometry>
			</Placemark>
		</Folder>
		<Folder id="FeatureLayer2">
			<name>Adams</name>
			<Snippet maxLines="0"></Snippet>
			<Placemark id="ID_20000">
				<name>Adams</name>
				<Snippet maxLines="0"></Snippet>
				<description><![CDATA[<html xmlns:fo="http://www.w3.org/1999/XSL/Format" xmlns:msxsl="urn:schemas-microsoft-com:xslt">

<head>

<META http-equiv="Content-Type" content="text/html">

<meta http-equiv="content-type" content="text/html; charset=UTF-8">

</head>

<body style="margin:0px 0px 0px 0px;overflow:auto;background:#FFFFFF;">

<table style="font-family:Arial,Verdana,Times;font-size:12px;text-align:left;width:100%;border-collapse:collapse;padding:3px 3px 3px 3px">

<tr style="text-align:center;font-weight:bold;background:#9CBCE2">

<td>Placemark</td>

</tr>

<tr>

<td>

<table style="font-family:Arial,Verdana,Times;font-size:12px;text-align:left;width:100%;border-spacing:0px; padding:3px 3px 3px 3px">

<tr>

<td>OID</td>

<td>1</td>

</tr>

<tr bgcolor="#D4E4F3">

<td>Name</td>

<td>Placemark</td>

</tr>

<tr>

<td>FolderPath</td>

<td>Valais.kml/Valais/Adams.kml/Adams</td>

</tr>

<tr bgcolor="#D4E4F3">

<td>area</td>

<td>68.34816</td>

</tr>

<tr>

<td>area_1</td>

<td>683481.6</td>

</tr>

</table>

</td>

</tr>

</table>

</body>

</html>]]></description>
				<styleUrl>#PolyStyle2018</styleUrl>
				<MultiGeometry>
					<Polygon>
						<outerBoundaryIs>
							<LinearRing>
								<coordinates>
									150.2728290580001,-31.79281443699995,0 150.2723717570001,-31.79752707099993,0 150.2769003220001,-31.79829063499994,0 150.2782665030001,-31.80043215099994,0 150.279451568,-31.80050441399993,0 150.280760158,-31.79523765799996,0 150.283484379,-31.79320700999995,0 150.279334155,-31.78993515699995,0 150.2793321700001,-31.78993599399996,0 150.2728290580001,-31.79281443699995,0 
								</coordinates>
							</LinearRing>
						</outerBoundaryIs>
					</Polygon>
				</MultiGeometry>
			</Placemark>
			<Placemark id="ID_20001">
				<name>Adams</name>
				<Snippet maxLines="0"></Snippet>
				<description><![CDATA[<html xmlns:fo="http://www.w3.org/1999/XSL/Format" xmlns:msxsl="urn:schemas-microsoft-com:xslt">

<head>

<META http-equiv="Content-Type" content="text/html">

<meta http-equiv="content-type" content="text/html; charset=UTF-8">

</head>

<body style="margin:0px 0px 0px 0px;overflow:auto;background:#FFFFFF;">

<table style="font-family:Arial,Verdana,Times;font-size:12px;text-align:left;width:100%;border-collapse:collapse;padding:3px 3px 3px 3px">

<tr style="text-align:center;font-weight:bold;background:#9CBCE2">

<td>Placemark</td>

</tr>

<tr>

<td>

<table style="font-family:Arial,Verdana,Times;font-size:12px;text-align:left;width:100%;border-spacing:0px; padding:3px 3px 3px 3px">

<tr>

<td>OID</td>

<td>26</td>

</tr>

<tr bgcolor="#D4E4F3">

<td>Name</td>

<td>Placemark</td>

</tr>

<tr>

<td>FolderPath</td>

<td>Valais.kml/Valais/Adams.kml/Adams</td>

</tr>

<tr bgcolor="#D4E4F3">

<td>area</td>

<td>39.98032</td>

</tr>

<tr>

<td>area_1</td>

<td>399803.3</td>

</tr>

</table>

</td>

</tr>

</table>

</body>

</html>]]></description>
				<styleUrl>#PolyStyle2018</styleUrl>
				<MultiGeometry>
					<Polygon>
						<outerBoundaryIs>
							<LinearRing>
								<coordinates>
									150.279334155,-31.78993515699995,0 150.2793107160001,-31.78991667899993,0 150.274695422,-31.78629691799995,0 150.2691945040001,-31.78691712399996,0 150.2710750760001,-31.79115255899995,0 150.2728290580001,-31.79281443699995,0 150.2793321700001,-31.78993599399996,0 150.279334155,-31.78993515699995,0 
								</coordinates>
							</LinearRing>
						</outerBoundaryIs>
					</Polygon>
				</MultiGeometry>
			</Placemark>
		</Folder>
		<Folder id="FeatureLayer14">
			<name>Kellys</name>
			<Snippet maxLines="0"></Snippet>
			<Placemark id="ID_140000">
				<name>Kellys</name>
				<Snippet maxLines="0"></Snippet>
				<description><![CDATA[<html xmlns:fo="http://www.w3.org/1999/XSL/Format" xmlns:msxsl="urn:schemas-microsoft-com:xslt">

<head>

<META http-equiv="Content-Type" content="text/html">

<meta http-equiv="content-type" content="text/html; charset=UTF-8">

</head>

<body style="margin:0px 0px 0px 0px;overflow:auto;background:#FFFFFF;">

<table style="font-family:Arial,Verdana,Times;font-size:12px;text-align:left;width:100%;border-collapse:collapse;padding:3px 3px 3px 3px">

<tr style="text-align:center;font-weight:bold;background:#9CBCE2">

<td>Placemark</td>

</tr>

<tr>

<td>

<table style="font-family:Arial,Verdana,Times;font-size:12px;text-align:left;width:100%;border-spacing:0px; padding:3px 3px 3px 3px">

<tr>

<td>OID</td>

<td>8</td>

</tr>

<tr bgcolor="#D4E4F3">

<td>Name</td>

<td>Placemark</td>

</tr>

<tr>

<td>FolderPath</td>

<td>Valais.kml/Valais/Quarry.kml/Quarry</td>

</tr>

<tr bgcolor="#D4E4F3">

<td>area</td>

<td>53.84739</td>

</tr>

<tr>

<td>area_1</td>

<td>538473.9</td>

</tr>

</table>

</td>

</tr>

</table>

</body>

</html>]]></description>
				<styleUrl>#PolyStyle2018</styleUrl>
				<MultiGeometry>
					<Polygon>
						<outerBoundaryIs>
							<LinearRing>
								<coordinates>
									150.259957522,-31.75505778199994,0 150.2632104170001,-31.75537258299994,0 150.268707766,-31.75735229199995,0 150.2687250570001,-31.74888842299998,0 150.2687327230001,-31.74868397899996,0 150.263731998,-31.74875899499995,0 150.259957522,-31.75505778199994,0 
								</coordinates>
							</LinearRing>
						</outerBoundaryIs>
					</Polygon>
				</MultiGeometry>
			</Placemark>
			<Placemark id="ID_140001">
				<name>Kellys</name>
				<Snippet maxLines="0"></Snippet>
				<description><![CDATA[<html xmlns:fo="http://www.w3.org/1999/XSL/Format" xmlns:msxsl="urn:schemas-microsoft-com:xslt">

<head>

<META http-equiv="Content-Type" content="text/html">

<meta http-equiv="content-type" content="text/html; charset=UTF-8">

</head>

<body style="margin:0px 0px 0px 0px;overflow:auto;background:#FFFFFF;">

<table style="font-family:Arial,Verdana,Times;font-size:12px;text-align:left;width:100%;border-collapse:collapse;padding:3px 3px 3px 3px">

<tr style="text-align:center;font-weight:bold;background:#9CBCE2">

<td>Placemark</td>

</tr>

<tr>

<td>

<table style="font-family:Arial,Verdana,Times;font-size:12px;text-align:left;width:100%;border-spacing:0px; padding:3px 3px 3px 3px">

<tr>

<td>OID</td>

<td>9</td>

</tr>

<tr bgcolor="#D4E4F3">

<td>Name</td>

<td>Placemark</td>

</tr>

<tr>

<td>FolderPath</td>

<td>Valais.kml/Valais/Quarry.kml/Quarry</td>

</tr>

<tr bgcolor="#D4E4F3">

<td>area</td>

<td>33.48231</td>

</tr>

<tr>

<td>area_1</td>

<td>334823.1</td>

</tr>

</table>

</td>

</tr>

</table>

</body>

</html>]]></description>
				<styleUrl>#PolyStyle2018</styleUrl>
				<MultiGeometry>
					<Polygon>
						<outerBoundaryIs>
							<LinearRing>
								<coordinates>
									150.2637319900001,-31.74875899399996,0 150.2687327230001,-31.74868397899996,0 150.2687459790001,-31.74833047499993,0 150.2588238120001,-31.74686968199995,0 150.2575844150001,-31.74902038599998,0 150.257739527,-31.74927370199998,0 150.2580525660001,-31.75009004299994,0 150.259957522,-31.75505778199994,0 150.2637319900001,-31.74875899399996,0 
								</coordinates>
							</LinearRing>
						</outerBoundaryIs>
					</Polygon>
				</MultiGeometry>
			</Placemark>
		</Folder>
		<Folder id="FeatureLayer16">
			<name>Radford</name>
			<Snippet maxLines="0"></Snippet>
			<Placemark id="ID_160000">
				<name>Radford</name>
				<Snippet maxLines="0"></Snippet>
				<description><![CDATA[<html xmlns:fo="http://www.w3.org/1999/XSL/Format" xmlns:msxsl="urn:schemas-microsoft-com:xslt">

<head>

<META http-equiv="Content-Type" content="text/html">

<meta http-equiv="content-type" content="text/html; charset=UTF-8">

</head>

<body style="margin:0px 0px 0px 0px;overflow:auto;background:#FFFFFF;">

<table style="font-family:Arial,Verdana,Times;font-size:12px;text-align:left;width:100%;border-collapse:collapse;padding:3px 3px 3px 3px">

<tr style="text-align:center;font-weight:bold;background:#9CBCE2">

<td>Placemark</td>

</tr>

<tr>

<td>

<table style="font-family:Arial,Verdana,Times;font-size:12px;text-align:left;width:100%;border-spacing:0px; padding:3px 3px 3px 3px">

<tr>

<td>OID</td>

<td>11</td>

</tr>

<tr bgcolor="#D4E4F3">

<td>Name</td>

<td>Placemark</td>

</tr>

<tr>

<td>FolderPath</td>

<td>Valais.kml/Valais/Radford.kml/Radford</td>

</tr>

<tr bgcolor="#D4E4F3">

<td>area</td>

<td>47.89467</td>

</tr>

<tr>

<td>area_1</td>

<td>478946.8</td>

</tr>

</table>

</td>

</tr>

</table>

</body>

</html>]]></description>
				<styleUrl>#PolyStyle2018</styleUrl>
				<MultiGeometry>
					<Polygon>
						<outerBoundaryIs>
							<LinearRing>
								<coordinates>
									150.2877448200001,-31.78638827799995,0 150.2877417570001,-31.78349039899996,0 150.2852066590001,-31.78317954099998,0 150.2845996440001,-31.78353216599993,0 150.2769468550001,-31.78598842499997,0 150.274695422,-31.78629697799994,0 150.2793321700001,-31.78993599399996,0 150.2877448200001,-31.78638827799995,0 
								</coordinates>
							</LinearRing>
						</outerBoundaryIs>
					</Polygon>
				</MultiGeometry>
			</Placemark>
			<Placemark id="ID_160001">
				<name>Radford</name>
				<Snippet maxLines="0"></Snippet>
				<description><![CDATA[<html xmlns:fo="http://www.w3.org/1999/XSL/Format" xmlns:msxsl="urn:schemas-microsoft-com:xslt">

<head>

<META http-equiv="Content-Type" content="text/html">

<meta http-equiv="content-type" content="text/html; charset=UTF-8">

</head>

<body style="margin:0px 0px 0px 0px;overflow:auto;background:#FFFFFF;">

<table style="font-family:Arial,Verdana,Times;font-size:12px;text-align:left;width:100%;border-collapse:collapse;padding:3px 3px 3px 3px">

<tr style="text-align:center;font-weight:bold;background:#9CBCE2">

<td>Placemark</td>

</tr>

<tr>

<td>

<table style="font-family:Arial,Verdana,Times;font-size:12px;text-align:left;width:100%;border-spacing:0px; padding:3px 3px 3px 3px">

<tr>

<td>OID</td>

<td>27</td>

</tr>

<tr bgcolor="#D4E4F3">

<td>Name</td>

<td>Placemark</td>

</tr>

<tr>

<td>FolderPath</td>

<td>Valais.kml/Valais/Radford.kml/Radford</td>

</tr>

<tr bgcolor="#D4E4F3">

<td>area</td>

<td>42.85751</td>

</tr>

<tr>

<td>area_1</td>

<td>428575.1</td>

</tr>

</table>

</td>

</tr>

</table>

</body>

</html>]]></description>
				<styleUrl>#PolyStyle2018</styleUrl>
				<MultiGeometry>
					<Polygon>
						<outerBoundaryIs>
							<LinearRing>
								<coordinates>
									150.2793321700001,-31.78993599399996,0 150.283484379,-31.79320700999995,0 150.289270287,-31.79400021699997,0 150.2886786920001,-31.79242921699995,0 150.287761506,-31.78808174299996,0 150.2877448200001,-31.78638827799995,0 150.2793321700001,-31.78993599399996,0 
								</coordinates>
							</LinearRing>
						</outerBoundaryIs>
					</Polygon>
				</MultiGeometry>
			</Placemark>
		</Folder>
		<Folder id="FeatureLayer18">
			<name>Ram</name>
			<Snippet maxLines="0"></Snippet>
			<Placemark id="ID_180000">
				<name>Ram</name>
				<Snippet maxLines="0"></Snippet>
				<description><![CDATA[<html xmlns:fo="http://www.w3.org/1999/XSL/Format" xmlns:msxsl="urn:schemas-microsoft-com:xslt">

<head>

<META http-equiv="Content-Type" content="text/html">

<meta http-equiv="content-type" content="text/html; charset=UTF-8">

</head>

<body style="margin:0px 0px 0px 0px;overflow:auto;background:#FFFFFF;">

<table style="font-family:Arial,Verdana,Times;font-size:12px;text-align:left;width:100%;border-collapse:collapse;padding:3px 3px 3px 3px">

<tr style="text-align:center;font-weight:bold;background:#9CBCE2">

<td>Placemark</td>

</tr>

<tr>

<td>

<table style="font-family:Arial,Verdana,Times;font-size:12px;text-align:left;width:100%;border-spacing:0px; padding:3px 3px 3px 3px">

<tr>

<td>OID</td>

<td>12</td>

</tr>

<tr bgcolor="#D4E4F3">

<td>Name</td>

<td>Placemark</td>

</tr>

<tr>

<td>FolderPath</td>

<td>Valais.kml/Valais/Ram.kml/Ram</td>

</tr>

<tr bgcolor="#D4E4F3">

<td>area</td>

<td>66.4415</td>

</tr>

<tr>

<td>area_1</td>

<td>664415</td>

</tr>

</table>

</td>

</tr>

</table>

</body>

</html>]]></description>
				<styleUrl>#PolyStyle2018</styleUrl>
				<MultiGeometry>
					<Polygon>
						<outerBoundaryIs>
							<LinearRing>
								<coordinates>
									150.2916457280001,-31.75694511699993,0 150.299833432,-31.75882440099997,0 150.3003475090001,-31.75894239499996,0 150.3005283260001,-31.75892838399994,0 150.3011491360001,-31.75895939199996,0 150.3006207310001,-31.75789312299997,0 150.300789105,-31.75351007499995,0 150.3010571140001,-31.75323005699994,0 150.3010974570001,-31.75308147299995,0 150.287276086,-31.75102183499996,0 150.2872728880001,-31.75127912799997,0 150.2879853700001,-31.75222101099996,0 150.290829516,-31.75598089999994,0 150.2917932600001,-31.75586613999997,0 150.2916457280001,-31.75694511699993,0 
								</coordinates>
							</LinearRing>
						</outerBoundaryIs>
					</Polygon>
				</MultiGeometry>
			</Placemark>
			<Placemark id="ID_180001">
				<name>Ram</name>
				<Snippet maxLines="0"></Snippet>
				<description><![CDATA[<html xmlns:fo="http://www.w3.org/1999/XSL/Format" xmlns:msxsl="urn:schemas-microsoft-com:xslt">

<head>

<META http-equiv="Content-Type" content="text/html">

<meta http-equiv="content-type" content="text/html; charset=UTF-8">

</head>

<body style="margin:0px 0px 0px 0px;overflow:auto;background:#FFFFFF;">

<table style="font-family:Arial,Verdana,Times;font-size:12px;text-align:left;width:100%;border-collapse:collapse;padding:3px 3px 3px 3px">

<tr style="text-align:center;font-weight:bold;background:#9CBCE2">

<td>Placemark</td>

</tr>

<tr>

<td>

<table style="font-family:Arial,Verdana,Times;font-size:12px;text-align:left;width:100%;border-spacing:0px; padding:3px 3px 3px 3px">

<tr>

<td>OID</td>

<td>20</td>

</tr>

<tr bgcolor="#D4E4F3">

<td>Name</td>

<td>Placemark</td>

</tr>

<tr>

<td>FolderPath</td>

<td>Valais.kml/Valais/Ram.kml/Ram</td>

</tr>

<tr bgcolor="#D4E4F3">

<td>area</td>

<td>41.1131</td>

</tr>

<tr>

<td>area_1</td>

<td>411131</td>

</tr>

</table>

</td>

</tr>

</table>

</body>

</html>]]></description>
				<styleUrl>#PolyStyle2018</styleUrl>
				<MultiGeometry>
					<Polygon>
						<outerBoundaryIs>
							<LinearRing>
								<coordinates>
									150.3003475090001,-31.75894239499996,0 150.299833432,-31.75882440099997,0 150.2916457280001,-31.75694511699993,0 150.2906698100001,-31.75675301799998,0 150.2880956290001,-31.76214485199995,0 150.3001081670001,-31.76064174699997,0 150.3003475090001,-31.75894239499996,0 
								</coordinates>
							</LinearRing>
						</outerBoundaryIs>
					</Polygon>
				</MultiGeometry>
			</Placemark>
			<Placemark id="ID_180002">
				<name>Ram</name>
				<Snippet maxLines="0"></Snippet>
				<description><![CDATA[<html xmlns:fo="http://www.w3.org/1999/XSL/Format" xmlns:msxsl="urn:schemas-microsoft-com:xslt">

<head>

<META http-equiv="Content-Type" content="text/html">

<meta http-equiv="content-type" content="text/html; charset=UTF-8">

</head>

<body style="margin:0px 0px 0px 0px;overflow:auto;background:#FFFFFF;">

<table style="font-family:Arial,Verdana,Times;font-size:12px;text-align:left;width:100%;border-collapse:collapse;padding:3px 3px 3px 3px">

<tr style="text-align:center;font-weight:bold;background:#9CBCE2">

<td>Placemark</td>

</tr>

<tr>

<td>

<table style="font-family:Arial,Verdana,Times;font-size:12px;text-align:left;width:100%;border-spacing:0px; padding:3px 3px 3px 3px">

<tr>

<td>OID</td>

<td>21</td>

</tr>

<tr bgcolor="#D4E4F3">

<td>Name</td>

<td>Placemark</td>

</tr>

<tr>

<td>FolderPath</td>

<td>Valais.kml/Valais/Ram.kml/Ram</td>

</tr>

<tr bgcolor="#D4E4F3">

<td>area</td>

<td>18.88913</td>

</tr>

<tr>

<td>area_1</td>

<td>188891.3</td>

</tr>

</table>

</td>

</tr>

</table>

</body>

</html>]]></description>
				<styleUrl>#PolyStyle2034</styleUrl>
				<MultiGeometry>
					<Polygon>
						<outerBoundaryIs>
							<LinearRing>
								<coordinates>
									150.2906698100001,-31.75675301799998,0 150.290829516,-31.75598089999994,0 150.2879853700001,-31.75222101099996,0 150.2872728880001,-31.75127912799997,0 150.2880956290001,-31.76214485199995,0 150.2906698100001,-31.75675301799998,0 
								</coordinates>
							</LinearRing>
						</outerBoundaryIs>
					</Polygon>
				</MultiGeometry>
			</Placemark>
			<Placemark id="ID_180003">
				<name>Ram</name>
				<Snippet maxLines="0"></Snippet>
				<description><![CDATA[<html xmlns:fo="http://www.w3.org/1999/XSL/Format" xmlns:msxsl="urn:schemas-microsoft-com:xslt">

<head>

<META http-equiv="Content-Type" content="text/html">

<meta http-equiv="content-type" content="text/html; charset=UTF-8">

</head>

<body style="margin:0px 0px 0px 0px;overflow:auto;background:#FFFFFF;">

<table style="font-family:Arial,Verdana,Times;font-size:12px;text-align:left;width:100%;border-collapse:collapse;padding:3px 3px 3px 3px">

<tr style="text-align:center;font-weight:bold;background:#9CBCE2">

<td>Placemark</td>

</tr>

<tr>

<td>

<table style="font-family:Arial,Verdana,Times;font-size:12px;text-align:left;width:100%;border-spacing:0px; padding:3px 3px 3px 3px">

<tr>

<td>OID</td>

<td>22</td>

</tr>

<tr bgcolor="#D4E4F3">

<td>Name</td>

<td>Placemark</td>

</tr>

<tr>

<td>FolderPath</td>

<td>Valais.kml/Valais/Ram.kml/Ram</td>

</tr>

<tr bgcolor="#D4E4F3">

<td>area</td>

<td>0.950735</td>

</tr>

<tr>

<td>area_1</td>

<td>9507.352</td>

</tr>

</table>

</td>

</tr>

</table>

</body>

</html>]]></description>
				<styleUrl>#PolyStyle2018</styleUrl>
				<MultiGeometry>
					<Polygon>
						<outerBoundaryIs>
							<LinearRing>
								<coordinates>
									150.2916457280001,-31.75694511699993,0 150.2917932600001,-31.75586613999997,0 150.290829516,-31.75598089999994,0 150.2906698100001,-31.75675301799998,0 150.2916457280001,-31.75694511699993,0 
								</coordinates>
							</LinearRing>
						</outerBoundaryIs>
					</Polygon>
				</MultiGeometry>
			</Placemark>
		</Folder>
		<Folder id="GroupLayer19">
			<name>Sports Ground.kml</name>
			<Snippet maxLines="0"></Snippet>
			<Folder id="FeatureLayer20">
				<name>Sports_Ground</name>
				<open>1</open>
				<Snippet maxLines="0"></Snippet>
				<Placemark id="ID_200000">
					<name>Upper Sports_Ground</name>
					<Snippet maxLines="0"></Snippet>
					<description><![CDATA[<html xmlns:fo="http://www.w3.org/1999/XSL/Format" xmlns:msxsl="urn:schemas-microsoft-com:xslt">

<head>

<META http-equiv="Content-Type" content="text/html">

<meta http-equiv="content-type" content="text/html; charset=UTF-8">

</head>

<body style="margin:0px 0px 0px 0px;overflow:auto;background:#FFFFFF;">

<table style="font-family:Arial,Verdana,Times;font-size:12px;text-align:left;width:100%;border-collapse:collapse;padding:3px 3px 3px 3px">

<tr style="text-align:center;font-weight:bold;background:#9CBCE2">

<td>Placemark</td>

</tr>

<tr>

<td>

<table style="font-family:Arial,Verdana,Times;font-size:12px;text-align:left;width:100%;border-spacing:0px; padding:3px 3px 3px 3px">

<tr>

<td>OID</td>

<td>13</td>

</tr>

<tr bgcolor="#D4E4F3">

<td>Name</td>

<td>Placemark</td>

</tr>

<tr>

<td>FolderPath</td>

<td>Valais.kml/Valais/Sports Ground.kml/Sports_Ground</td>

</tr>

<tr bgcolor="#D4E4F3">

<td>area</td>

<td>90.70393</td>

</tr>

<tr>

<td>area_1</td>

<td>907039.3</td>

</tr>

</table>

</td>

</tr>

</table>

</body>

</html>]]></description>
					<styleUrl>#PolyStyle2044</styleUrl>
					<MultiGeometry>
						<Polygon>
							<outerBoundaryIs>
								<LinearRing>
									<coordinates>
										150.247978815,-31.76360269799994,0 150.2534410640001,-31.76609837799998,0 150.2549944970001,-31.76232383099995,0 150.2569505020001,-31.76023800299998,0 150.259957523,-31.75505778099995,0 150.257739527,-31.74927370199998,0 150.2572815020001,-31.74970014099995,0 150.2534197450001,-31.75329558399994,0 150.2522423280001,-31.75509712199994,0 150.2519810750001,-31.75647586499997,0 150.252101722,-31.75724123899994,0 150.252424688,-31.75824640099995,0 150.247978815,-31.76360269799994,0 
									</coordinates>
								</LinearRing>
							</outerBoundaryIs>
						</Polygon>
					</MultiGeometry>
				</Placemark>
				<Placemark id="ID_200001">
					<name>Lower Sports_Ground</name>
					<Snippet maxLines="0"></Snippet>
					<description><![CDATA[<html xmlns:fo="http://www.w3.org/1999/XSL/Format" xmlns:msxsl="urn:schemas-microsoft-com:xslt">

<head>

<META http-equiv="Content-Type" content="text/html">

<meta http-equiv="content-type" content="text/html; charset=UTF-8">

</head>

<body style="margin:0px 0px 0px 0px;overflow:auto;background:#FFFFFF;">

<table style="font-family:Arial,Verdana,Times;font-size:12px;text-align:left;width:100%;border-collapse:collapse;padding:3px 3px 3px 3px">

<tr style="text-align:center;font-weight:bold;background:#9CBCE2">

<td>Placemark</td>

</tr>

<tr>

<td>

<table style="font-family:Arial,Verdana,Times;font-size:12px;text-align:left;width:100%;border-spacing:0px; padding:3px 3px 3px 3px">

<tr>

<td>OID</td>

<td>25</td>

</tr>

<tr bgcolor="#D4E4F3">

<td>Name</td>

<td>Placemark</td>

</tr>

<tr>

<td>FolderPath</td>

<td>Valais.kml/Valais/Sports Ground.kml/Sports_Ground</td>

</tr>

<tr bgcolor="#D4E4F3">

<td>area</td>

<td>64.32367</td>

</tr>

<tr>

<td>area_1</td>

<td>643236.7</td>

</tr>

</table>

</td>

</tr>

</table>

</body>

</html>]]></description>
					<styleUrl>#PolyStyle2040</styleUrl>
					<MultiGeometry>
						<Polygon>
							<outerBoundaryIs>
								<LinearRing>
									<coordinates>
										150.257739527,-31.74927370199998,0 150.2575844150001,-31.74902038599998,0 150.2588238120001,-31.74686968199995,0 150.2584728950001,-31.74682272699994,0 150.2585142740001,-31.74663894299994,0 150.258525531,-31.74642919299998,0 150.2582556370001,-31.74511434999994,0 150.257821873,-31.74507955999997,0 150.2526161110001,-31.75102754099993,0 150.2520945670001,-31.75114812599998,0 150.2518166020001,-31.75160356799995,0 150.2504352450001,-31.75396570499993,0 150.2493240270001,-31.75278339099998,0 150.2489064470001,-31.75311338499995,0 150.24797976,-31.75835756199996,0 150.245819954,-31.76171455399998,0 150.2456531940001,-31.76287859099995,0 150.247978815,-31.76360269799994,0 150.252424688,-31.75824640099995,0 150.252101722,-31.75724123899994,0 150.2519810750001,-31.75647586499997,0 150.2522423280001,-31.75509712199994,0 150.2534197450001,-31.75329558399994,0 150.2572815020001,-31.74970014099995,0 150.257739527,-31.74927370199998,0 
									</coordinates>
								</LinearRing>
							</outerBoundaryIs>
						</Polygon>
					</MultiGeometry>
				</Placemark>
				<Placemark id="ID_200001">
					<name>New Fence</name>
					<open>1</open>
					<Snippet maxLines="0"></Snippet>
					<description>Area 2.24Hectares</description>
					<styleUrl>#PolyStyle2013</styleUrl>
					<MultiGeometry>
						<Polygon>
							<outerBoundaryIs>
								<LinearRing>
									<coordinates>
										150.2493240270001,-31.75278339099998,0 150.2504352450001,-31.75396570499993,0 150.2518166020001,-31.75160356799995,0 150.2493240270001,-31.75278339099998,0 
									</coordinates>
								</LinearRing>
							</outerBoundaryIs>
						</Polygon>
					</MultiGeometry>
				</Placemark>
			</Folder>
		</Folder>
		<Folder id="FeatureLayer22">
			<name>spell</name>
			<Snippet maxLines="0"></Snippet>
			<Placemark id="ID_220000">
				<name>spell</name>
				<Snippet maxLines="0"></Snippet>
				<description><![CDATA[<html xmlns:fo="http://www.w3.org/1999/XSL/Format" xmlns:msxsl="urn:schemas-microsoft-com:xslt">

<head>

<META http-equiv="Content-Type" content="text/html">

<meta http-equiv="content-type" content="text/html; charset=UTF-8">

</head>

<body style="margin:0px 0px 0px 0px;overflow:auto;background:#FFFFFF;">

<table style="font-family:Arial,Verdana,Times;font-size:12px;text-align:left;width:100%;border-collapse:collapse;padding:3px 3px 3px 3px">

<tr style="text-align:center;font-weight:bold;background:#9CBCE2">

<td>Placemark</td>

</tr>

<tr>

<td>

<table style="font-family:Arial,Verdana,Times;font-size:12px;text-align:left;width:100%;border-spacing:0px; padding:3px 3px 3px 3px">

<tr>

<td>OID</td>

<td>14</td>

</tr>

<tr bgcolor="#D4E4F3">

<td>Name</td>

<td>Placemark</td>

</tr>

<tr>

<td>FolderPath</td>

<td>Valais.kml/Valais/Stockyard.kml/Stockyard</td>

</tr>

<tr bgcolor="#D4E4F3">

<td>area</td>

<td>150.7178</td>

</tr>

<tr>

<td>area_1</td>

<td>1507178</td>

</tr>

</table>

</td>

</tr>

</table>

</body>

</html>]]></description>
				<styleUrl>#PolyStyle202</styleUrl>
				<MultiGeometry>
					<Polygon>
						<outerBoundaryIs>
							<LinearRing>
								<coordinates>
									150.281723337,-31.76042310499997,0 150.277765024,-31.75952283999993,0 150.2737639630001,-31.74939999099996,0 150.2687250570001,-31.74888842299998,0 150.268707766,-31.75735229199995,0 150.267333255,-31.76327880499997,0 150.2832275600001,-31.76511596499995,0 150.2847687840001,-31.76454893099998,0 150.281723337,-31.76042310499997,0 
								</coordinates>
							</LinearRing>
						</outerBoundaryIs>
					</Polygon>
				</MultiGeometry>
			</Placemark>
			<Placemark id="ID_220001">
				<name>spell</name>
				<Snippet maxLines="0"></Snippet>
				<description><![CDATA[<html xmlns:fo="http://www.w3.org/1999/XSL/Format" xmlns:msxsl="urn:schemas-microsoft-com:xslt">

<head>

<META http-equiv="Content-Type" content="text/html">

<meta http-equiv="content-type" content="text/html; charset=UTF-8">

</head>

<body style="margin:0px 0px 0px 0px;overflow:auto;background:#FFFFFF;">

<table style="font-family:Arial,Verdana,Times;font-size:12px;text-align:left;width:100%;border-collapse:collapse;padding:3px 3px 3px 3px">

<tr style="text-align:center;font-weight:bold;background:#9CBCE2">

<td>Placemark</td>

</tr>

<tr>

<td>

<table style="font-family:Arial,Verdana,Times;font-size:12px;text-align:left;width:100%;border-spacing:0px; padding:3px 3px 3px 3px">

<tr>

<td>OID</td>

<td>15</td>

</tr>

<tr bgcolor="#D4E4F3">

<td>Name</td>

<td>Placemark</td>

</tr>

<tr>

<td>FolderPath</td>

<td>Valais.kml/Valais/Stockyard.kml/Stockyard</td>

</tr>

<tr bgcolor="#D4E4F3">

<td>area</td>

<td>13.9391</td>

</tr>

<tr>

<td>area_1</td>

<td>139391</td>

</tr>

</table>

</td>

</tr>

</table>

</body>

</html>]]></description>
				<styleUrl>#PolyStyle2025</styleUrl>
				<MultiGeometry>
					<Polygon>
						<outerBoundaryIs>
							<LinearRing>
								<coordinates>
									150.2847687840001,-31.76454893099998,0 150.288231523,-31.76327494899994,0 150.2880956290001,-31.76214485199995,0 150.287842478,-31.76213945899998,0 150.2875763120001,-31.76192640699998,0 150.28705504,-31.76163572899998,0 150.281723337,-31.76042310499997,0 150.2847687840001,-31.76454893099998,0 
								</coordinates>
							</LinearRing>
						</outerBoundaryIs>
					</Polygon>
				</MultiGeometry>
			</Placemark>
		</Folder>
		<Folder id="FeatureLayer24">
			<name>Stud</name>
			<Snippet maxLines="0"></Snippet>
			<Placemark id="ID_240000">
				<name>Stud</name>
				<Snippet maxLines="0"></Snippet>
				<description><![CDATA[<html xmlns:fo="http://www.w3.org/1999/XSL/Format" xmlns:msxsl="urn:schemas-microsoft-com:xslt">

<head>

<META http-equiv="Content-Type" content="text/html">

<meta http-equiv="content-type" content="text/html; charset=UTF-8">

</head>

<body style="margin:0px 0px 0px 0px;overflow:auto;background:#FFFFFF;">

<table style="font-family:Arial,Verdana,Times;font-size:12px;text-align:left;width:100%;border-collapse:collapse;padding:3px 3px 3px 3px">

<tr style="text-align:center;font-weight:bold;background:#9CBCE2">

<td>Placemark</td>

</tr>

<tr>

<td>

<table style="font-family:Arial,Verdana,Times;font-size:12px;text-align:left;width:100%;border-spacing:0px; padding:3px 3px 3px 3px">

<tr>

<td>OID</td>

<td>16</td>

</tr>

<tr bgcolor="#D4E4F3">

<td>Name</td>

<td>Placemark</td>

</tr>

<tr>

<td>FolderPath</td>

<td>Valais.kml/Valais/Stud.kml/Stud</td>

</tr>

<tr bgcolor="#D4E4F3">

<td>area</td>

<td>31.45738</td>

</tr>

<tr>

<td>area_1</td>

<td>314573.8</td>

</tr>

</table>

</td>

</tr>

</table>

</body>

</html>]]></description>
				<styleUrl>#PolyStyle2018</styleUrl>
				<MultiGeometry>
					<Polygon>
						<outerBoundaryIs>
							<LinearRing>
								<coordinates>
									150.2830554190001,-31.78022238699998,0 150.284044793,-31.77507079099996,0 150.280843878,-31.77484006399993,0 150.2777221320001,-31.77918416799997,0 150.2769684440001,-31.78002221799994,0 150.2762455390001,-31.78187596099997,0 150.2830554190001,-31.78022238699998,0 
								</coordinates>
							</LinearRing>
						</outerBoundaryIs>
					</Polygon>
				</MultiGeometry>
			</Placemark>
			<Placemark id="ID_240001">
				<name>Stud</name>
				<Snippet maxLines="0"></Snippet>
				<description><![CDATA[<html xmlns:fo="http://www.w3.org/1999/XSL/Format" xmlns:msxsl="urn:schemas-microsoft-com:xslt">

<head>

<META http-equiv="Content-Type" content="text/html">

<meta http-equiv="content-type" content="text/html; charset=UTF-8">

</head>

<body style="margin:0px 0px 0px 0px;overflow:auto;background:#FFFFFF;">

<table style="font-family:Arial,Verdana,Times;font-size:12px;text-align:left;width:100%;border-collapse:collapse;padding:3px 3px 3px 3px">

<tr style="text-align:center;font-weight:bold;background:#9CBCE2">

<td>Placemark</td>

</tr>

<tr>

<td>

<table style="font-family:Arial,Verdana,Times;font-size:12px;text-align:left;width:100%;border-spacing:0px; padding:3px 3px 3px 3px">

<tr>

<td>OID</td>

<td>28</td>

</tr>

<tr bgcolor="#D4E4F3">

<td>Name</td>

<td>Placemark</td>

</tr>

<tr>

<td>FolderPath</td>

<td>Valais.kml/Valais/Stud.kml/Stud</td>

</tr>

<tr bgcolor="#D4E4F3">

<td>area</td>

<td>30.64996</td>

</tr>

<tr>

<td>area_1</td>

<td>306499.6</td>

</tr>

</table>

</td>

</tr>

</table>

</body>

</html>]]></description>
				<styleUrl>#PolyStyle2018</styleUrl>
				<MultiGeometry>
					<Polygon>
						<outerBoundaryIs>
							<LinearRing>
								<coordinates>
									150.2830554190001,-31.78022238699998,0 150.2822880130001,-31.78421821299997,0 150.2822818860001,-31.78427616299996,0 150.2845996440001,-31.78353228599997,0 150.2852066600001,-31.78317942099994,0 150.2877417570001,-31.78349039899996,0 150.2904275830001,-31.78243008899994,0 150.2905277950001,-31.78225187099997,0 150.289639823,-31.77914460599993,0 150.2895007280001,-31.77867779399998,0 150.289495341,-31.77865861599997,0 150.2894945200001,-31.77865884499994,0 150.2830554190001,-31.78022238699998,0 
								</coordinates>
							</LinearRing>
						</outerBoundaryIs>
					</Polygon>
				</MultiGeometry>
			</Placemark>
			<Placemark id="ID_240002">
				<name>Stud</name>
				<Snippet maxLines="0"></Snippet>
				<description><![CDATA[<html xmlns:fo="http://www.w3.org/1999/XSL/Format" xmlns:msxsl="urn:schemas-microsoft-com:xslt">

<head>

<META http-equiv="Content-Type" content="text/html">

<meta http-equiv="content-type" content="text/html; charset=UTF-8">

</head>

<body style="margin:0px 0px 0px 0px;overflow:auto;background:#FFFFFF;">

<table style="font-family:Arial,Verdana,Times;font-size:12px;text-align:left;width:100%;border-collapse:collapse;padding:3px 3px 3px 3px">

<tr style="text-align:center;font-weight:bold;background:#9CBCE2">

<td>Placemark</td>

</tr>

<tr>

<td>

<table style="font-family:Arial,Verdana,Times;font-size:12px;text-align:left;width:100%;border-spacing:0px; padding:3px 3px 3px 3px">

<tr>

<td>OID</td>

<td>29</td>

</tr>

<tr bgcolor="#D4E4F3">

<td>Name</td>

<td>Placemark</td>

</tr>

<tr>

<td>FolderPath</td>

<td>Valais.kml/Valais/Stud.kml/Stud</td>

</tr>

<tr bgcolor="#D4E4F3">

<td>area</td>

<td>30.98991</td>

</tr>

<tr>

<td>area_1</td>

<td>309899.1</td>

</tr>

</table>

</td>

</tr>

</table>

</body>

</html>]]></description>
				<styleUrl>#PolyStyle2018</styleUrl>
				<MultiGeometry>
					<Polygon>
						<outerBoundaryIs>
							<LinearRing>
								<coordinates>
									150.2762455390001,-31.78187596099997,0 150.274695422,-31.78629697799994,0 150.2769468550001,-31.78598842499997,0 150.2822818860001,-31.78427616299996,0 150.2822880130001,-31.78421821299997,0 150.2830554190001,-31.78022238699998,0 150.2762455390001,-31.78187596099997,0 
								</coordinates>
							</LinearRing>
						</outerBoundaryIs>
					</Polygon>
				</MultiGeometry>
			</Placemark>
			<Placemark id="ID_240003">
				<name>Stud</name>
				<Snippet maxLines="0"></Snippet>
				<description><![CDATA[<html xmlns:fo="http://www.w3.org/1999/XSL/Format" xmlns:msxsl="urn:schemas-microsoft-com:xslt">

<head>

<META http-equiv="Content-Type" content="text/html">

<meta http-equiv="content-type" content="text/html; charset=UTF-8">

</head>

<body style="margin:0px 0px 0px 0px;overflow:auto;background:#FFFFFF;">

<table style="font-family:Arial,Verdana,Times;font-size:12px;text-align:left;width:100%;border-collapse:collapse;padding:3px 3px 3px 3px">

<tr style="text-align:center;font-weight:bold;background:#9CBCE2">

<td>Placemark</td>

</tr>

<tr>

<td>

<table style="font-family:Arial,Verdana,Times;font-size:12px;text-align:left;width:100%;border-spacing:0px; padding:3px 3px 3px 3px">

<tr>

<td>OID</td>

<td>30</td>

</tr>

<tr bgcolor="#D4E4F3">

<td>Name</td>

<td>Placemark</td>

</tr>

<tr>

<td>FolderPath</td>

<td>Valais.kml/Valais/Stud.kml/Stud</td>

</tr>

<tr bgcolor="#D4E4F3">

<td>area</td>

<td>24.77717</td>

</tr>

<tr>

<td>area_1</td>

<td>247771.7</td>

</tr>

</table>

</td>

</tr>

</table>

</body>

</html>]]></description>
				<styleUrl>#PolyStyle2018</styleUrl>
				<MultiGeometry>
					<Polygon>
						<outerBoundaryIs>
							<LinearRing>
								<coordinates>
									150.289495341,-31.77865861599997,0 150.288718245,-31.77589199299996,0 150.2886905160001,-31.77539543399996,0 150.288632029,-31.77520016899996,0 150.284044793,-31.77507079099996,0 150.2830554190001,-31.78022238699998,0 150.2894945200001,-31.77865884499994,0 150.289495341,-31.77865861599997,0 
								</coordinates>
							</LinearRing>
						</outerBoundaryIs>
					</Polygon>
				</MultiGeometry>
			</Placemark>
		</Folder>
		<Document>
			<name>Creeks.kml</name>
			<Style>
				<ListStyle>
					<listItemType>check</listItemType>
					<bgColor>00ffffff</bgColor>
					<maxSnippetLines>2</maxSnippetLines>
				</ListStyle>
			</Style>
			<Schema name="Creeks" id="Creeks">
				<SimpleField type="string" name="PXSYMBOL">
				</SimpleField>
				<SimpleField type="string" name="TEXT">
				</SimpleField>
				<SimpleField type="float" name="PX_LENGTH">
				</SimpleField>
				<SimpleField type="float" name="_PX_LENGTH">
				</SimpleField>
				<SimpleField type="string" name="PERIMUNIT">
				</SimpleField>
				<SimpleField type="float" name="ENT_ID">
				</SimpleField>
				<SimpleField type="float" name="SEASON_ID">
				</SimpleField>
				<SimpleField type="string" name="SIDEKICK">
				</SimpleField>
				<SimpleField type="float" name="BUF_DIST">
				</SimpleField>
				<SimpleField type="string" name="PARENT_SHP">
				</SimpleField>
				<SimpleField type="float" name="ZOOMFONTSZ">
				</SimpleField>
				<SimpleField type="float" name="ZOOMSYMSZ">
				</SimpleField>
				<SimpleField type="float" name="ZOOMSYMGAP">
				</SimpleField>
				<SimpleField type="string" name="SYMBOL">
				</SimpleField>
				<SimpleField type="string" name="SYMBOLCODE">
				</SimpleField>
				<SimpleField type="string" name="TYPE_ID">
				</SimpleField>
				<SimpleField type="string" name="ENT_TYPE">
				</SimpleField>
				<SimpleField type="float" name="PXCIRCLE">
				</SimpleField>
			</Schema>
			<StyleMap id="m_ylw-pushpin">
				<Pair>
					<key>normal</key>
					<styleUrl>#s_ylw-pushpin</styleUrl>
				</Pair>
				<Pair>
					<key>highlight</key>
					<styleUrl>#s_ylw-pushpin_hl</styleUrl>
				</Pair>
			</StyleMap>
			<Style id="s_ylw-pushpin">
				<IconStyle>
					<scale>1.1</scale>
					<Icon>
						<href>http://maps.google.com/mapfiles/kml/pushpin/ylw-pushpin.png</href>
					</Icon>
					<hotSpot x="20" y="2" xunits="pixels" yunits="pixels"/>
				</IconStyle>
				<LineStyle>
					<color>ffff0000</color>
					<width>2</width>
				</LineStyle>
			</Style>
			<Style id="s_ylw-pushpin_hl">
				<IconStyle>
					<scale>1.3</scale>
					<Icon>
						<href>http://maps.google.com/mapfiles/kml/pushpin/ylw-pushpin.png</href>
					</Icon>
					<hotSpot x="20" y="2" xunits="pixels" yunits="pixels"/>
				</IconStyle>
				<LineStyle>
					<color>ffff0000</color>
					<width>2</width>
				</LineStyle>
			</Style>
			<Folder>
				<name>Creeks</name>
				<Placemark>
					<styleUrl>#m_ylw-pushpin</styleUrl>
					<ExtendedData>
						<SchemaData schemaUrl="#Creeks">
							<SimpleData name="PXSYMBOL">12/11/2013 08:40:41:667 AM</SimpleData>
							<SimpleData name="PX_LENGTH">1239.94000</SimpleData>
							<SimpleData name="_PX_LENGTH">1239.94000</SimpleData>
							<SimpleData name="PERIMUNIT">m</SimpleData>
							<SimpleData name="ENT_ID">0.0000</SimpleData>
							<SimpleData name="SEASON_ID">0.0000</SimpleData>
							<SimpleData name="SIDEKICK">N</SimpleData>
							<SimpleData name="BUF_DIST">0.00000</SimpleData>
							<SimpleData name="ZOOMFONTSZ">252197.39716</SimpleData>
							<SimpleData name="ZOOMSYMSZ">2521625.06785</SimpleData>
							<SimpleData name="ZOOMSYMGAP">0.00000</SimpleData>
							<SimpleData name="PXCIRCLE">0.0000</SimpleData>
						</SchemaData>
					</ExtendedData>
					<LineString>
						<coordinates>
							150.2878665103251,-31.76238751587668,0 150.2886134100109,-31.763946261555,0 150.2889106270131,-31.76583374144938,0 150.2885234361738,-31.76702942978972,0 150.2884685673118,-31.76890940957522,0 150.2881605975247,-31.77040776701022,0 150.2878482247657,-31.77205652103994,0 150.2878989243141,-31.77333678140554,0 
						</coordinates>
					</LineString>
				</Placemark>
				<Placemark>
					<styleUrl>#m_ylw-pushpin</styleUrl>
					<ExtendedData>
						<SchemaData schemaUrl="#Creeks">
							<SimpleData name="PXSYMBOL">12/11/2013 08:43:21:909 AM</SimpleData>
							<SimpleData name="PX_LENGTH">876.23000</SimpleData>
							<SimpleData name="_PX_LENGTH">876.23000</SimpleData>
							<SimpleData name="PERIMUNIT">m</SimpleData>
							<SimpleData name="ENT_ID">0.0000</SimpleData>
							<SimpleData name="SEASON_ID">0.0000</SimpleData>
							<SimpleData name="SIDEKICK">N</SimpleData>
							<SimpleData name="BUF_DIST">0.00000</SimpleData>
							<SimpleData name="ZOOMFONTSZ">252197.39716</SimpleData>
							<SimpleData name="ZOOMSYMSZ">2521625.06785</SimpleData>
							<SimpleData name="ZOOMSYMGAP">0.00000</SimpleData>
							<SimpleData name="PXCIRCLE">0.0000</SimpleData>
						</SchemaData>
					</ExtendedData>
					<LineString>
						<coordinates>
							150.2878989243141,-31.77333678140554,0 150.2878594004522,-31.77469036487378,0 150.2884338814176,-31.77613227714812,0 150.2885726173184,-31.77741441264172,0 150.2889754503902,-31.77870217406487,0 150.2894707161806,-31.779841411414,0 150.2898779594165,-31.78097877258961,0 
						</coordinates>
					</LineString>
				</Placemark>
				<Placemark>
					<styleUrl>#m_ylw-pushpin</styleUrl>
					<ExtendedData>
						<SchemaData schemaUrl="#Creeks">
							<SimpleData name="PXSYMBOL">12/11/2013 08:46:05:864 AM</SimpleData>
							<SimpleData name="PX_LENGTH">1209.19000</SimpleData>
							<SimpleData name="_PX_LENGTH">1209.19000</SimpleData>
							<SimpleData name="PERIMUNIT">m</SimpleData>
							<SimpleData name="ENT_ID">0.0000</SimpleData>
							<SimpleData name="SEASON_ID">0.0000</SimpleData>
							<SimpleData name="SIDEKICK">N</SimpleData>
							<SimpleData name="BUF_DIST">0.00000</SimpleData>
							<SimpleData name="ZOOMFONTSZ">252179.82966</SimpleData>
							<SimpleData name="ZOOMSYMSZ">2521625.06785</SimpleData>
							<SimpleData name="ZOOMSYMGAP">0.00000</SimpleData>
							<SimpleData name="PXCIRCLE">0.0000</SimpleData>
						</SchemaData>
					</ExtendedData>
					<LineString>
						<coordinates>
							150.2898779594165,-31.78097877258961,0 150.2897251519737,-31.78257760899134,0 150.2888075357807,-31.78383715098094,0 150.2884995252116,-31.78533539788928,0 150.2886206874044,-31.78721899131074,0 150.2885789591874,-31.78864767072918,0 150.2888783915189,-31.79045982168022,0 150.2891095601144,-31.79159335363508,0 
						</coordinates>
					</LineString>
				</Placemark>
				<Placemark>
					<styleUrl>#m_ylw-pushpin</styleUrl>
					<ExtendedData>
						<SchemaData schemaUrl="#Creeks">
							<SimpleData name="PXSYMBOL">12/11/2013 08:49:01:709 AM</SimpleData>
							<SimpleData name="PX_LENGTH">1167.89000</SimpleData>
							<SimpleData name="_PX_LENGTH">1167.89000</SimpleData>
							<SimpleData name="PERIMUNIT">m</SimpleData>
							<SimpleData name="ENT_ID">0.0000</SimpleData>
							<SimpleData name="SEASON_ID">0.0000</SimpleData>
							<SimpleData name="SIDEKICK">N</SimpleData>
							<SimpleData name="BUF_DIST">0.00000</SimpleData>
							<SimpleData name="ZOOMFONTSZ">126058.95891</SimpleData>
							<SimpleData name="ZOOMSYMSZ">2521625.06785</SimpleData>
							<SimpleData name="ZOOMSYMGAP">0.00000</SimpleData>
							<SimpleData name="PXCIRCLE">0.0000</SimpleData>
						</SchemaData>
					</ExtendedData>
					<LineString>
						<coordinates>
							150.2891095601144,-31.79159335363508,0 150.2898829452299,-31.79313777758023,0 150.2907332586231,-31.79421006104922,0 150.2914866975777,-31.79558146973088,0 150.291275336612,-31.7967817403941,0 150.2912842224895,-31.79768550730181,0 150.2909781623368,-31.79823154221071,0 150.2905722255032,-31.79870946976998,0 150.2906393959486,-31.79942550745269,0 150.2908407979824,-31.80006918186744,0 150.2910411050988,-31.80075044359387,0 150.2907594708689,-31.80134622046314,0 
						</coordinates>
					</LineString>
				</Placemark>
				<Placemark>
					<styleUrl>#m_ylw-pushpin</styleUrl>
					<ExtendedData>
						<SchemaData schemaUrl="#Creeks">
							<SimpleData name="PXSYMBOL">09/12/2013 05:51:54:435 PM</SimpleData>
							<SimpleData name="PX_LENGTH">182.22000</SimpleData>
							<SimpleData name="_PX_LENGTH">182.22000</SimpleData>
							<SimpleData name="PERIMUNIT">m</SimpleData>
							<SimpleData name="ENT_ID">0.0000</SimpleData>
							<SimpleData name="SEASON_ID">0.0000</SimpleData>
							<SimpleData name="SIDEKICK">N</SimpleData>
							<SimpleData name="BUF_DIST">0.00000</SimpleData>
							<SimpleData name="ZOOMFONTSZ">87833.65044</SimpleData>
							<SimpleData name="ZOOMSYMSZ">0.00000</SimpleData>
							<SimpleData name="ZOOMSYMGAP">0.00000</SimpleData>
							<SimpleData name="PXCIRCLE">0.0000</SimpleData>
						</SchemaData>
					</ExtendedData>
					<LineString>
						<coordinates>
							150.2912887311297,-31.79521490052664,0 150.2920163434503,-31.79550143587343,0 150.2920747058134,-31.79545043122866,0 150.2926272665358,-31.79561027395127,0 150.2929569367171,-31.79587934802483,0 
						</coordinates>
					</LineString>
				</Placemark>
				<Placemark>
					<styleUrl>#m_ylw-pushpin</styleUrl>
					<ExtendedData>
						<SchemaData schemaUrl="#Creeks">
							<SimpleData name="PXSYMBOL">20/04/2014 06:03:12:487 PM</SimpleData>
							<SimpleData name="PX_LENGTH">1430.12000</SimpleData>
							<SimpleData name="_PX_LENGTH">1430.12000</SimpleData>
							<SimpleData name="PERIMUNIT">m</SimpleData>
							<SimpleData name="ENT_ID">0.0000</SimpleData>
							<SimpleData name="SEASON_ID">0.0000</SimpleData>
							<SimpleData name="SIDEKICK">N</SimpleData>
							<SimpleData name="BUF_DIST">0.00000</SimpleData>
							<SimpleData name="ZOOMFONTSZ">63056.25264</SimpleData>
							<SimpleData name="ZOOMSYMSZ">630562.52636</SimpleData>
							<SimpleData name="ZOOMSYMGAP">0.00000</SimpleData>
							<SimpleData name="PXCIRCLE">0.0000</SimpleData>
						</SchemaData>
					</ExtendedData>
					<LineString>
						<coordinates>
							150.283966597186,-31.75012787068984,0 150.2841976838078,-31.75126161269437,0 150.2850943858203,-31.75222141357114,0 150.285193464264,-31.75335233918431,0 150.286177115662,-31.75435161432834,0 150.2865336780973,-31.75571378997721,0 150.2861893793278,-31.75694814567273,0 150.286348951547,-31.75751595348083,0 150.2864876654143,-31.7587982312844,0 150.2867704931987,-31.75966968243726,0 150.2870951421405,-31.76061727846451,0 150.2878424780222,-31.76213945889647,0 
						</coordinates>
					</LineString>
				</Placemark>
			</Folder>
			<Placemark>
				<name>Untitled Path</name>
				<styleUrl>#m_ylw-pushpin</styleUrl>
				<LineString>
					<tessellate>1</tessellate>
					<coordinates>
					</coordinates>
				</LineString>
			</Placemark>
			<Placemark>
				<name>Creek W</name>
				<styleUrl>#m_ylw-pushpin</styleUrl>
				<LineString>
					<tessellate>1</tessellate>
					<coordinates>
						150.2581464065216,-31.74485255280936,0 150.2580120603627,-31.74541334893896,0 150.2578597750502,-31.74556608998253,0 150.2574370437118,-31.74566873320157,0 150.2570330321544,-31.74654674240873,0 150.2569327745134,-31.747087174844,0 150.256800506944,-31.74750993410207,0 150.2563619406668,-31.74799497952877,0 150.2557394417614,-31.74870955479863,0 150.2551049989691,-31.74915122262774,0 150.2539016773158,-31.75025550595272,0 150.2530483573063,-31.75082627923252,0 150.2525636389526,-31.75124009920787,0 150.252530343789,-31.75138995767844,0 150.2524144193025,-31.75169136704425,0 150.2521790654544,-31.75204057941457,0 150.251893888316,-31.7525976230053,0 150.2515971407624,-31.75280135974474,0 150.2512342837814,-31.75323082477859,0 150.250864967813,-31.75377780938664,0 150.2504923777685,-31.75443698187856,0 150.2501476066375,-31.75491019559954,0 150.2498825057838,-31.75565101962502,0 150.2500070661698,-31.75631381426079,0 150.2505044749252,-31.75707820353855,0 150.2508871529304,-31.75752835894983,0 150.2509415301268,-31.75806020611667,0 150.2507982223821,-31.7584001698063,0 150.2503132434848,-31.75884623338646,0 150.2496983094732,-31.75961793012269,0 150.2493219840047,-31.76019212285564,0 150.2485765279008,-31.76049173462412,0 150.2478722807062,-31.76066354331634,0 150.2476885369695,-31.76061755744191,0 150.2470771930196,-31.76040909087595,0 150.2466808747315,-31.76041443497296,0 150.2463641735482,-31.7604769847131,0 150.2461319789227,-31.7604396292769,0 
					</coordinates>
				</LineString>
			</Placemark>
			<Placemark>
				<name>Creek W2</name>
				<styleUrl>#m_ylw-pushpin</styleUrl>
				<LineString>
					<tessellate>1</tessellate>
					<coordinates>
						150.2578802055677,-31.78028198690402,0 150.2573525621858,-31.77989682235435,0 150.2566127958525,-31.77946793077011,0 150.2562616922431,-31.77911261974261,0 150.2557601556315,-31.7787688837558,0 150.2553440454148,-31.77856805023447,0 150.2549893820645,-31.77843871989758,0 150.2541857602121,-31.77790300854749,0 150.2538228195409,-31.77757855212266,0 150.2534413535592,-31.77728684061417,0 150.252914862255,-31.77716874715972,0 150.2523866785616,-31.77688433046291,0 150.2518800797071,-31.77664496134389,0 150.2513404381796,-31.7764621469911,0 150.2510463123124,-31.77646077988976,0 150.2506620818259,-31.77655719759201,0 150.2503014242977,-31.77652207326826,0 150.2499381230047,-31.77625607069241,0 150.2499014026095,-31.77602787933687,0 150.2500933353639,-31.77585393665705,0 150.2504254398788,-31.77573368771862,0 150.2507961323626,-31.77544296604418,0 150.2507272799442,-31.77502683922345,0 150.2505071927276,-31.77459167763412,0 150.2500385163144,-31.77440313851717,0 150.249665963148,-31.77416591203806,0 150.249067462975,-31.77365516356584,0 150.2487223724544,-31.77341957585887,0 150.2484804218505,-31.77291007910201,0 150.2482311725618,-31.772374109336,0 150.2480248716162,-31.77188186839889,0 150.2476946903363,-31.77161670879167,0 150.2474129016067,-31.77132076462368,0 150.2474322169785,-31.77120333371753,0 150.2475260885213,-31.77093066263227,0 150.2477452744141,-31.77052869565172,0 150.2477754770571,-31.77008265985862,0 150.2473074408181,-31.76958081372905,0 150.2467751729073,-31.76919182108981,0 150.2465516818978,-31.76875027959741,0 150.2463890801906,-31.76823776351223,0 150.2464371515686,-31.76783621527398,0 150.2470125291519,-31.76741994973879,0 150.2471463290743,-31.76696591194773,0 150.2469388030466,-31.76627408029606,0 150.2467137060904,-31.76540613363644,0 150.2466883879536,-31.76487316046997,0 150.2464029209107,-31.76461577658071,0 150.2461461132481,-31.76422210975012,0 150.2459664023258,-31.7637326325861,0 150.2457943244764,-31.76328851377985,0 150.2459368233094,-31.76298475560289,0 150.2461047765654,-31.76269306308809,0 150.2465277324462,-31.76242595092256,0 150.2468898959551,-31.7620282938562,0 150.247070139121,-31.76163048583785,0 150.2474714000256,-31.76127022601625,0 150.2476333467788,-31.76095655665531,0 150.2478832682361,-31.76065413425255,0 
					</coordinates>
				</LineString>
			</Placemark>
		</Document>
		<Document>
			<name>B Box.kml</name>
			<Schema name="B_Box" id="B_Box">
				<SimpleField type="string" name="PXSYMBOL">
				</SimpleField>
				<SimpleField type="string" name="TEXT">
				</SimpleField>
				<SimpleField type="float" name="PX_AREA">
				</SimpleField>
				<SimpleField type="float" name="_PX_AREA">
				</SimpleField>
				<SimpleField type="string" name="AREAUNIT">
				</SimpleField>
				<SimpleField type="float" name="PX_PERIM">
				</SimpleField>
				<SimpleField type="float" name="_PX_PERIM">
				</SimpleField>
				<SimpleField type="string" name="PERIMUNIT">
				</SimpleField>
				<SimpleField type="float" name="ENT_ID">
				</SimpleField>
				<SimpleField type="float" name="SEASON_ID">
				</SimpleField>
				<SimpleField type="string" name="SIDEKICK">
				</SimpleField>
				<SimpleField type="float" name="BUF_DIST">
				</SimpleField>
				<SimpleField type="string" name="PARENT_SHP">
				</SimpleField>
				<SimpleField type="float" name="ZOOMFONTSZ">
				</SimpleField>
				<SimpleField type="float" name="ZOOMSYMSZ">
				</SimpleField>
				<SimpleField type="float" name="ZOOMSYMGAP">
				</SimpleField>
				<SimpleField type="float" name="ZOOMOUTSZ">
				</SimpleField>
				<SimpleField type="float" name="ZOOMOUTSG">
				</SimpleField>
				<SimpleField type="string" name="SYMBOL">
				</SimpleField>
				<SimpleField type="string" name="SYMBOLCODE">
				</SimpleField>
				<SimpleField type="string" name="TYPE_ID">
				</SimpleField>
				<SimpleField type="string" name="ENT_TYPE">
				</SimpleField>
				<SimpleField type="float" name="PXCIRCLE">
				</SimpleField>
			</Schema>
			<StyleMap id="m_ylw-pushpin1">
				<Pair>
					<key>normal</key>
					<styleUrl>#s_ylw-pushpin1</styleUrl>
				</Pair>
				<Pair>
					<key>highlight</key>
					<styleUrl>#s_ylw-pushpin_hl1</styleUrl>
				</Pair>
			</StyleMap>
			<Style id="s_ylw-pushpin1">
				<IconStyle>
					<scale>1.1</scale>
					<Icon>
						<href>http://maps.google.com/mapfiles/kml/pushpin/ylw-pushpin.png</href>
					</Icon>
					<hotSpot x="20" y="2" xunits="pixels" yunits="pixels"/>
				</IconStyle>
				<LineStyle>
					<color>ff0000ff</color>
					<width>1.5</width>
				</LineStyle>
				<PolyStyle>
					<fill>0</fill>
				</PolyStyle>
			</Style>
			<Style id="s_ylw-pushpin_hl1">
				<IconStyle>
					<scale>1.3</scale>
					<Icon>
						<href>http://maps.google.com/mapfiles/kml/pushpin/ylw-pushpin.png</href>
					</Icon>
					<hotSpot x="20" y="2" xunits="pixels" yunits="pixels"/>
				</IconStyle>
				<LineStyle>
					<color>ff0000ff</color>
					<width>1.5</width>
				</LineStyle>
				<PolyStyle>
					<fill>0</fill>
				</PolyStyle>
			</Style>
			<Folder>
				<name>B_Box</name>
				<Placemark>
					<styleUrl>#m_ylw-pushpin1</styleUrl>
					<ExtendedData>
						<SchemaData schemaUrl="#B_Box">
							<SimpleData name="PXSYMBOL">16/11/2013 07:34:56:384 AM</SimpleData>
							<SimpleData name="TEXT">B Box</SimpleData>
							<SimpleData name="PX_AREA">8.65000</SimpleData>
							<SimpleData name="_PX_AREA">8.65000</SimpleData>
							<SimpleData name="AREAUNIT">ha</SimpleData>
							<SimpleData name="PX_PERIM">1287.38000</SimpleData>
							<SimpleData name="_PX_PERIM">1287.38000</SimpleData>
							<SimpleData name="PERIMUNIT">m</SimpleData>
							<SimpleData name="ENT_ID">0.0000</SimpleData>
							<SimpleData name="SEASON_ID">0.0000</SimpleData>
							<SimpleData name="SIDEKICK">N</SimpleData>
							<SimpleData name="BUF_DIST">0.00000</SimpleData>
							<SimpleData name="ZOOMFONTSZ">252191.57365</SimpleData>
							<SimpleData name="ZOOMSYMSZ">684395.41120</SimpleData>
							<SimpleData name="ZOOMSYMGAP">684395.41120</SimpleData>
							<SimpleData name="ZOOMOUTSZ">228131.80373</SimpleData>
							<SimpleData name="ZOOMOUTSG">0.00000</SimpleData>
							<SimpleData name="PXCIRCLE">0.0000</SimpleData>
						</SchemaData>
					</ExtendedData>
					<Polygon>
						<outerBoundaryIs>
							<LinearRing>
								<coordinates>
									150.2935682272921,-31.77246918221353,0 150.2942703957556,-31.77336783820566,0 150.2953150397665,-31.77338102403144,0 150.2954130145885,-31.77460425212562,0 150.2919015067197,-31.77532838468356,0 150.291645462311,-31.77324888523015,0 150.2910722764577,-31.77227180234977,0 150.2935682272921,-31.77246918221353,0 
								</coordinates>
							</LinearRing>
						</outerBoundaryIs>
					</Polygon>
				</Placemark>
			</Folder>
		</Document>
		<Document>
			<name>Back Springs.kml</name>
			<Schema name="Back_Springs" id="Back_Springs">
				<SimpleField type="string" name="PXSYMBOL">
				</SimpleField>
				<SimpleField type="string" name="TEXT">
				</SimpleField>
				<SimpleField type="float" name="PX_AREA">
				</SimpleField>
				<SimpleField type="float" name="_PX_AREA">
				</SimpleField>
				<SimpleField type="string" name="AREAUNIT">
				</SimpleField>
				<SimpleField type="float" name="PX_PERIM">
				</SimpleField>
				<SimpleField type="float" name="_PX_PERIM">
				</SimpleField>
				<SimpleField type="string" name="PERIMUNIT">
				</SimpleField>
				<SimpleField type="float" name="ENT_ID">
				</SimpleField>
				<SimpleField type="float" name="SEASON_ID">
				</SimpleField>
				<SimpleField type="string" name="SIDEKICK">
				</SimpleField>
				<SimpleField type="float" name="BUF_DIST">
				</SimpleField>
				<SimpleField type="string" name="PARENT_SHP">
				</SimpleField>
				<SimpleField type="float" name="ZOOMFONTSZ">
				</SimpleField>
				<SimpleField type="float" name="ZOOMSYMSZ">
				</SimpleField>
				<SimpleField type="float" name="ZOOMSYMGAP">
				</SimpleField>
				<SimpleField type="float" name="ZOOMOUTSZ">
				</SimpleField>
				<SimpleField type="float" name="ZOOMOUTSG">
				</SimpleField>
				<SimpleField type="string" name="SYMBOL">
				</SimpleField>
				<SimpleField type="string" name="SYMBOLCODE">
				</SimpleField>
				<SimpleField type="string" name="TYPE_ID">
				</SimpleField>
				<SimpleField type="string" name="ENT_TYPE">
				</SimpleField>
				<SimpleField type="float" name="PXCIRCLE">
				</SimpleField>
			</Schema>
			<StyleMap id="m_ylw-pushpin00">
				<Pair>
					<key>normal</key>
					<styleUrl>#s_ylw-pushpin00</styleUrl>
				</Pair>
				<Pair>
					<key>highlight</key>
					<styleUrl>#s_ylw-pushpin_hl00</styleUrl>
				</Pair>
			</StyleMap>
			<Style id="s_ylw-pushpin00">
				<IconStyle>
					<scale>1.1</scale>
					<Icon>
						<href>http://maps.google.com/mapfiles/kml/pushpin/ylw-pushpin.png</href>
					</Icon>
					<hotSpot x="20" y="2" xunits="pixels" yunits="pixels"/>
				</IconStyle>
				<LineStyle>
					<color>ff0000ff</color>
					<width>2</width>
				</LineStyle>
				<PolyStyle>
					<color>ffff0000</color>
					<fill>0</fill>
				</PolyStyle>
			</Style>
			<Style id="s_ylw-pushpin_hl00">
				<IconStyle>
					<scale>1.3</scale>
					<Icon>
						<href>http://maps.google.com/mapfiles/kml/pushpin/ylw-pushpin.png</href>
					</Icon>
					<hotSpot x="20" y="2" xunits="pixels" yunits="pixels"/>
				</IconStyle>
				<LineStyle>
					<color>ff0000ff</color>
					<width>2</width>
				</LineStyle>
				<PolyStyle>
					<color>ffff0000</color>
					<fill>0</fill>
				</PolyStyle>
			</Style>
			<Folder>
				<name>Back_Springs</name>
				<Placemark>
					<styleUrl>#m_ylw-pushpin00</styleUrl>
					<ExtendedData>
						<SchemaData schemaUrl="#Back_Springs">
							<SimpleData name="PXSYMBOL">10/12/2013 06:46:09:638 AM</SimpleData>
							<SimpleData name="TEXT">Back Springs</SimpleData>
							<SimpleData name="PX_AREA">159.14000</SimpleData>
							<SimpleData name="_PX_AREA">159.14000</SimpleData>
							<SimpleData name="AREAUNIT">ha</SimpleData>
							<SimpleData name="PX_PERIM">6330.61000</SimpleData>
							<SimpleData name="_PX_PERIM">6330.61000</SimpleData>
							<SimpleData name="PERIMUNIT">m</SimpleData>
							<SimpleData name="ENT_ID">0.0000</SimpleData>
							<SimpleData name="SEASON_ID">0.0000</SimpleData>
							<SimpleData name="SIDEKICK">N</SimpleData>
							<SimpleData name="BUF_DIST">0.00000</SimpleData>
							<SimpleData name="ZOOMFONTSZ">252136.37498</SimpleData>
							<SimpleData name="ZOOMSYMSZ">981059.96352</SimpleData>
							<SimpleData name="ZOOMSYMGAP">981059.96352</SimpleData>
							<SimpleData name="ZOOMOUTSZ">327019.98784</SimpleData>
							<SimpleData name="ZOOMOUTSG">0.00000</SimpleData>
							<SimpleData name="PXCIRCLE">0.0000</SimpleData>
						</SchemaData>
					</ExtendedData>
					<Polygon>
						<outerBoundaryIs>
							<LinearRing>
								<coordinates>
									150.2962254078676,-31.79468194471548,0 150.3065079179958,-31.79508950403475,0 150.3124582637547,-31.79561211246677,0 150.3202276617993,-31.79895923522173,0 150.3191768896785,-31.80097509257043,0 150.3090186247399,-31.79953422513754,0 150.3079173423311,-31.80510186053565,0 150.3044741270415,-31.8036763021901,0 150.3040663105729,-31.80390211830662,0 150.2991013206596,-31.80288602138978,0 150.2986254674865,-31.80248427152665,0 150.2949178672508,-31.80186822961028,0 150.2962254078676,-31.79468194471548,0 
								</coordinates>
							</LinearRing>
						</outerBoundaryIs>
					</Polygon>
				</Placemark>
			</Folder>
		</Document>
		<Document>
			<name>Bottom Springs.kml</name>
			<Schema name="Bottom_Springs" id="Bottom_Springs">
				<SimpleField type="string" name="PXSYMBOL">
				</SimpleField>
				<SimpleField type="string" name="TEXT">
				</SimpleField>
				<SimpleField type="float" name="PX_AREA">
				</SimpleField>
				<SimpleField type="float" name="_PX_AREA">
				</SimpleField>
				<SimpleField type="string" name="AREAUNIT">
				</SimpleField>
				<SimpleField type="float" name="PX_PERIM">
				</SimpleField>
				<SimpleField type="float" name="_PX_PERIM">
				</SimpleField>
				<SimpleField type="string" name="PERIMUNIT">
				</SimpleField>
				<SimpleField type="float" name="ENT_ID">
				</SimpleField>
				<SimpleField type="float" name="SEASON_ID">
				</SimpleField>
				<SimpleField type="string" name="SIDEKICK">
				</SimpleField>
				<SimpleField type="float" name="BUF_DIST">
				</SimpleField>
				<SimpleField type="string" name="PARENT_SHP">
				</SimpleField>
				<SimpleField type="float" name="ZOOMFONTSZ">
				</SimpleField>
				<SimpleField type="float" name="ZOOMSYMSZ">
				</SimpleField>
				<SimpleField type="float" name="ZOOMSYMGAP">
				</SimpleField>
				<SimpleField type="float" name="ZOOMOUTSZ">
				</SimpleField>
				<SimpleField type="float" name="ZOOMOUTSG">
				</SimpleField>
				<SimpleField type="string" name="SYMBOL">
				</SimpleField>
				<SimpleField type="string" name="SYMBOLCODE">
				</SimpleField>
				<SimpleField type="string" name="TYPE_ID">
				</SimpleField>
				<SimpleField type="string" name="ENT_TYPE">
				</SimpleField>
				<SimpleField type="float" name="PXCIRCLE">
				</SimpleField>
			</Schema>
			<StyleMap id="m_ylw-pushpin2">
				<Pair>
					<key>normal</key>
					<styleUrl>#s_ylw-pushpin2</styleUrl>
				</Pair>
				<Pair>
					<key>highlight</key>
					<styleUrl>#s_ylw-pushpin_hl2</styleUrl>
				</Pair>
			</StyleMap>
			<Style id="s_ylw-pushpin2">
				<IconStyle>
					<scale>1.1</scale>
					<Icon>
						<href>http://maps.google.com/mapfiles/kml/pushpin/ylw-pushpin.png</href>
					</Icon>
					<hotSpot x="20" y="2" xunits="pixels" yunits="pixels"/>
				</IconStyle>
				<LineStyle>
					<color>ff0000ff</color>
				</LineStyle>
				<PolyStyle>
					<fill>0</fill>
				</PolyStyle>
			</Style>
			<Style id="s_ylw-pushpin_hl2">
				<IconStyle>
					<scale>1.3</scale>
					<Icon>
						<href>http://maps.google.com/mapfiles/kml/pushpin/ylw-pushpin.png</href>
					</Icon>
					<hotSpot x="20" y="2" xunits="pixels" yunits="pixels"/>
				</IconStyle>
				<LineStyle>
					<color>ff0000ff</color>
				</LineStyle>
				<PolyStyle>
					<fill>0</fill>
				</PolyStyle>
			</Style>
			<Folder>
				<name>Bottom_Springs</name>
				<open>1</open>
				<Placemark>
					<styleUrl>#m_ylw-pushpin2</styleUrl>
					<ExtendedData>
						<SchemaData schemaUrl="#Bottom_Springs">
							<SimpleData name="PXSYMBOL">11/11/2013 03:17:36:055 PM</SimpleData>
							<SimpleData name="TEXT">Bottom Spring</SimpleData>
							<SimpleData name="PX_AREA">120.52000</SimpleData>
							<SimpleData name="_PX_AREA">120.52000</SimpleData>
							<SimpleData name="AREAUNIT">ha</SimpleData>
							<SimpleData name="PX_PERIM">4950.17000</SimpleData>
							<SimpleData name="_PX_PERIM">4950.17000</SimpleData>
							<SimpleData name="PERIMUNIT">m</SimpleData>
							<SimpleData name="ENT_ID">0.0000</SimpleData>
							<SimpleData name="SEASON_ID">0.0000</SimpleData>
							<SimpleData name="SIDEKICK">N</SimpleData>
							<SimpleData name="BUF_DIST">0.00000</SimpleData>
							<SimpleData name="ZOOMFONTSZ">252191.57365</SimpleData>
							<SimpleData name="ZOOMSYMSZ">914164.13165</SimpleData>
							<SimpleData name="ZOOMSYMGAP">914164.13165</SimpleData>
							<SimpleData name="ZOOMOUTSZ">304721.37722</SimpleData>
							<SimpleData name="ZOOMOUTSG">0.00000</SimpleData>
							<SimpleData name="PXCIRCLE">0.0000</SimpleData>
						</SchemaData>
					</ExtendedData>
					<Polygon>
						<outerBoundaryIs>
							<LinearRing>
								<coordinates>
									150.3076078827447,-31.77427289525976,0 150.3081971452637,-31.77360903402569,0 150.3083711638325,-31.77161079132854,0 150.307565594526,-31.76735544767528,0 150.3059366910655,-31.76565271404977,0 150.3063658498523,-31.76504859435475,0 150.3072113234759,-31.76392361175759,0 150.3118786824373,-31.76493977653725,0 150.3176179962319,-31.76941639711931,0 150.3216119186318,-31.77696716761323,0 150.3066687419731,-31.7753532699123,0 150.3076078827447,-31.77427289525976,0 
								</coordinates>
							</LinearRing>
						</outerBoundaryIs>
					</Polygon>
				</Placemark>
			</Folder>
		</Document>
		<Document>
			<name>Cemetery.kml</name>
			<Schema name="Cemetery" id="Cemetery">
				<SimpleField type="string" name="PXSYMBOL">
				</SimpleField>
				<SimpleField type="string" name="TEXT">
				</SimpleField>
				<SimpleField type="float" name="PX_AREA">
				</SimpleField>
				<SimpleField type="float" name="_PX_AREA">
				</SimpleField>
				<SimpleField type="string" name="AREAUNIT">
				</SimpleField>
				<SimpleField type="float" name="PX_PERIM">
				</SimpleField>
				<SimpleField type="float" name="_PX_PERIM">
				</SimpleField>
				<SimpleField type="string" name="PERIMUNIT">
				</SimpleField>
				<SimpleField type="float" name="ENT_ID">
				</SimpleField>
				<SimpleField type="float" name="SEASON_ID">
				</SimpleField>
				<SimpleField type="string" name="SIDEKICK">
				</SimpleField>
				<SimpleField type="float" name="BUF_DIST">
				</SimpleField>
				<SimpleField type="string" name="PARENT_SHP">
				</SimpleField>
				<SimpleField type="float" name="ZOOMFONTSZ">
				</SimpleField>
				<SimpleField type="float" name="ZOOMSYMSZ">
				</SimpleField>
				<SimpleField type="float" name="ZOOMSYMGAP">
				</SimpleField>
				<SimpleField type="float" name="ZOOMOUTSZ">
				</SimpleField>
				<SimpleField type="float" name="ZOOMOUTSG">
				</SimpleField>
				<SimpleField type="string" name="SYMBOL">
				</SimpleField>
				<SimpleField type="string" name="SYMBOLCODE">
				</SimpleField>
				<SimpleField type="string" name="TYPE_ID">
				</SimpleField>
				<SimpleField type="string" name="ENT_TYPE">
				</SimpleField>
				<SimpleField type="float" name="PXCIRCLE">
				</SimpleField>
			</Schema>
			<StyleMap id="m_ylw-pushpin3">
				<Pair>
					<key>normal</key>
					<styleUrl>#s_ylw-pushpin3</styleUrl>
				</Pair>
				<Pair>
					<key>highlight</key>
					<styleUrl>#s_ylw-pushpin_hl3</styleUrl>
				</Pair>
			</StyleMap>
			<Style id="s_ylw-pushpin3">
				<IconStyle>
					<scale>1.1</scale>
					<Icon>
						<href>http://maps.google.com/mapfiles/kml/pushpin/ylw-pushpin.png</href>
					</Icon>
					<hotSpot x="20" y="2" xunits="pixels" yunits="pixels"/>
				</IconStyle>
				<LineStyle>
					<color>ff0000ff</color>
					<width>1.5</width>
				</LineStyle>
				<PolyStyle>
					<fill>0</fill>
				</PolyStyle>
			</Style>
			<Style id="s_ylw-pushpin_hl3">
				<IconStyle>
					<scale>1.3</scale>
					<Icon>
						<href>http://maps.google.com/mapfiles/kml/pushpin/ylw-pushpin.png</href>
					</Icon>
					<hotSpot x="20" y="2" xunits="pixels" yunits="pixels"/>
				</IconStyle>
				<LineStyle>
					<color>ff0000ff</color>
					<width>1.5</width>
				</LineStyle>
				<PolyStyle>
					<fill>0</fill>
				</PolyStyle>
			</Style>
			<Folder>
				<name>Cemetery</name>
				<open>1</open>
				<Placemark>
					<styleUrl>#m_ylw-pushpin3</styleUrl>
					<ExtendedData>
						<SchemaData schemaUrl="#Cemetery">
							<SimpleData name="PXSYMBOL">11/11/2013 03:28:34:611 PM</SimpleData>
							<SimpleData name="TEXT">Cemetery</SimpleData>
							<SimpleData name="PX_AREA">89.08000</SimpleData>
							<SimpleData name="_PX_AREA">89.08000</SimpleData>
							<SimpleData name="AREAUNIT">ha</SimpleData>
							<SimpleData name="PX_PERIM">3889.43000</SimpleData>
							<SimpleData name="_PX_PERIM">3889.43000</SimpleData>
							<SimpleData name="PERIMUNIT">m</SimpleData>
							<SimpleData name="ENT_ID">0.0000</SimpleData>
							<SimpleData name="SEASON_ID">0.0000</SimpleData>
							<SimpleData name="SIDEKICK">N</SimpleData>
							<SimpleData name="BUF_DIST">0.00000</SimpleData>
							<SimpleData name="ZOOMFONTSZ">252136.37498</SimpleData>
							<SimpleData name="ZOOMSYMSZ">731321.31533</SimpleData>
							<SimpleData name="ZOOMSYMGAP">731321.31533</SimpleData>
							<SimpleData name="ZOOMOUTSZ">243773.77178</SimpleData>
							<SimpleData name="ZOOMOUTSG">0.00000</SimpleData>
							<SimpleData name="PXCIRCLE">0.0000</SimpleData>
						</SchemaData>
					</ExtendedData>
					<Polygon>
						<outerBoundaryIs>
							<LinearRing>
								<coordinates>
									150.29042758323,-31.78243008884135,0 150.2905277953948,-31.78225187052618,0 150.2896569970148,-31.77913309303143,0 150.2894945196403,-31.77865884511042,0 150.288718244867,-31.77589199332351,0 150.2886905163113,-31.77539543449647,0 150.2886320290416,-31.77520016919056,0 150.2919015067197,-31.77532838468356,0 150.2954130145885,-31.77460425212562,0 150.2981861441869,-31.774644341822,0 150.2985046045367,-31.77477435629862,0 150.2975958768908,-31.77698241948966,0 150.2978501809337,-31.77731245379542,0 150.3001427607226,-31.78342095974568,0 150.2961505355533,-31.78565378507463,0 150.29042758323,-31.78243008884135,0 
								</coordinates>
							</LinearRing>
						</outerBoundaryIs>
					</Polygon>
				</Placemark>
			</Folder>
		</Document>
		<Document>
			<name>Cow.kml</name>
			<Schema name="Cow" id="Cow">
				<SimpleField type="string" name="PXSYMBOL">
				</SimpleField>
				<SimpleField type="string" name="TEXT">
				</SimpleField>
				<SimpleField type="float" name="PX_AREA">
				</SimpleField>
				<SimpleField type="float" name="_PX_AREA">
				</SimpleField>
				<SimpleField type="string" name="AREAUNIT">
				</SimpleField>
				<SimpleField type="float" name="PX_PERIM">
				</SimpleField>
				<SimpleField type="float" name="_PX_PERIM">
				</SimpleField>
				<SimpleField type="string" name="PERIMUNIT">
				</SimpleField>
				<SimpleField type="float" name="ENT_ID">
				</SimpleField>
				<SimpleField type="float" name="SEASON_ID">
				</SimpleField>
				<SimpleField type="string" name="SIDEKICK">
				</SimpleField>
				<SimpleField type="float" name="BUF_DIST">
				</SimpleField>
				<SimpleField type="string" name="PARENT_SHP">
				</SimpleField>
				<SimpleField type="float" name="ZOOMFONTSZ">
				</SimpleField>
				<SimpleField type="float" name="ZOOMSYMSZ">
				</SimpleField>
				<SimpleField type="float" name="ZOOMSYMGAP">
				</SimpleField>
				<SimpleField type="float" name="ZOOMOUTSZ">
				</SimpleField>
				<SimpleField type="float" name="ZOOMOUTSG">
				</SimpleField>
				<SimpleField type="string" name="SYMBOL">
				</SimpleField>
				<SimpleField type="string" name="SYMBOLCODE">
				</SimpleField>
				<SimpleField type="string" name="TYPE_ID">
				</SimpleField>
				<SimpleField type="string" name="ENT_TYPE">
				</SimpleField>
				<SimpleField type="float" name="PXCIRCLE">
				</SimpleField>
			</Schema>
			<StyleMap id="m_ylw-pushpin4">
				<Pair>
					<key>normal</key>
					<styleUrl>#s_ylw-pushpin4</styleUrl>
				</Pair>
				<Pair>
					<key>highlight</key>
					<styleUrl>#s_ylw-pushpin_hl4</styleUrl>
				</Pair>
			</StyleMap>
			<Style id="s_ylw-pushpin4">
				<IconStyle>
					<scale>1.1</scale>
					<Icon>
						<href>http://maps.google.com/mapfiles/kml/pushpin/ylw-pushpin.png</href>
					</Icon>
					<hotSpot x="20" y="2" xunits="pixels" yunits="pixels"/>
				</IconStyle>
				<LineStyle>
					<color>ff0000ff</color>
					<width>1.5</width>
				</LineStyle>
				<PolyStyle>
					<fill>0</fill>
				</PolyStyle>
			</Style>
			<Style id="s_ylw-pushpin_hl4">
				<IconStyle>
					<scale>1.3</scale>
					<Icon>
						<href>http://maps.google.com/mapfiles/kml/pushpin/ylw-pushpin.png</href>
					</Icon>
					<hotSpot x="20" y="2" xunits="pixels" yunits="pixels"/>
				</IconStyle>
				<LineStyle>
					<color>ff0000ff</color>
					<width>1.5</width>
				</LineStyle>
				<PolyStyle>
					<fill>0</fill>
				</PolyStyle>
			</Style>
			<Folder>
				<name>Cow</name>
				<Placemark>
					<styleUrl>#m_ylw-pushpin4</styleUrl>
					<ExtendedData>
						<SchemaData schemaUrl="#Cow">
							<SimpleData name="PXSYMBOL">26/11/2013 10:52:43:498 AM</SimpleData>
							<SimpleData name="TEXT">Cow</SimpleData>
							<SimpleData name="PX_AREA">4.26000</SimpleData>
							<SimpleData name="_PX_AREA">4.26000</SimpleData>
							<SimpleData name="AREAUNIT">ha</SimpleData>
							<SimpleData name="PX_PERIM">906.68000</SimpleData>
							<SimpleData name="_PX_PERIM">906.68000</SimpleData>
							<SimpleData name="PERIMUNIT">m</SimpleData>
							<SimpleData name="ENT_ID">0.0000</SimpleData>
							<SimpleData name="SEASON_ID">0.0000</SimpleData>
							<SimpleData name="SIDEKICK">N</SimpleData>
							<SimpleData name="BUF_DIST">0.00000</SimpleData>
							<SimpleData name="ZOOMFONTSZ">85610.17172</SimpleData>
							<SimpleData name="ZOOMSYMSZ">355234.81086</SimpleData>
							<SimpleData name="ZOOMSYMGAP">355234.81086</SimpleData>
							<SimpleData name="ZOOMOUTSZ">118411.60362</SimpleData>
							<SimpleData name="ZOOMOUTSG">0.00000</SimpleData>
							<SimpleData name="PXCIRCLE">0.0000</SimpleData>
						</SchemaData>
					</ExtendedData>
					<Polygon>
						<outerBoundaryIs>
							<LinearRing>
								<coordinates>
									150.2840447934492,-31.77507079080672,0 150.2808438777562,-31.77484000414096,0 150.2810791048463,-31.77397044770267,0 150.2844184620705,-31.7734826509617,0 150.2844717455453,-31.77382645624315,0 150.2842341375011,-31.77437145934799,0 150.2840447934492,-31.77507079080672,0 
								</coordinates>
							</LinearRing>
						</outerBoundaryIs>
					</Polygon>
				</Placemark>
			</Folder>
		</Document>
		<Document>
			<name>Dams.kml</name>
			<Schema name="Dams" id="Dams">
				<SimpleField type="string" name="PXSYMBOL">
				</SimpleField>
				<SimpleField type="string" name="TEXT">
				</SimpleField>
				<SimpleField type="float" name="PX_AREA">
				</SimpleField>
				<SimpleField type="float" name="_PX_AREA">
				</SimpleField>
				<SimpleField type="string" name="AREAUNIT">
				</SimpleField>
				<SimpleField type="float" name="PX_PERIM">
				</SimpleField>
				<SimpleField type="float" name="_PX_PERIM">
				</SimpleField>
				<SimpleField type="string" name="PERIMUNIT">
				</SimpleField>
				<SimpleField type="float" name="ENT_ID">
				</SimpleField>
				<SimpleField type="float" name="SEASON_ID">
				</SimpleField>
				<SimpleField type="string" name="SIDEKICK">
				</SimpleField>
				<SimpleField type="float" name="BUF_DIST">
				</SimpleField>
				<SimpleField type="string" name="PARENT_SHP">
				</SimpleField>
				<SimpleField type="float" name="ZOOMFONTSZ">
				</SimpleField>
				<SimpleField type="float" name="ZOOMSYMSZ">
				</SimpleField>
				<SimpleField type="float" name="ZOOMSYMGAP">
				</SimpleField>
				<SimpleField type="float" name="ZOOMOUTSZ">
				</SimpleField>
				<SimpleField type="float" name="ZOOMOUTSG">
				</SimpleField>
				<SimpleField type="string" name="SYMBOL">
				</SimpleField>
				<SimpleField type="string" name="SYMBOLCODE">
				</SimpleField>
				<SimpleField type="string" name="TYPE_ID">
				</SimpleField>
				<SimpleField type="string" name="ENT_TYPE">
				</SimpleField>
				<SimpleField type="float" name="PXCIRCLE">
				</SimpleField>
			</Schema>
			<StyleMap id="m_ylw-pushpin100">
				<Pair>
					<key>normal</key>
					<styleUrl>#s_ylw-pushpin100</styleUrl>
				</Pair>
				<Pair>
					<key>highlight</key>
					<styleUrl>#s_ylw-pushpin_hl100</styleUrl>
				</Pair>
			</StyleMap>
			<Style id="s_ylw-pushpin100">
				<IconStyle>
					<scale>1.1</scale>
					<Icon>
						<href>http://maps.google.com/mapfiles/kml/pushpin/ylw-pushpin.png</href>
					</Icon>
					<hotSpot x="20" y="2" xunits="pixels" yunits="pixels"/>
				</IconStyle>
				<LineStyle>
					<color>ff0000ff</color>
					<width>2</width>
				</LineStyle>
				<PolyStyle>
					<color>ffff0000</color>
					<fill>0</fill>
				</PolyStyle>
			</Style>
			<Style id="s_ylw-pushpin_hl100">
				<IconStyle>
					<scale>1.3</scale>
					<Icon>
						<href>http://maps.google.com/mapfiles/kml/pushpin/ylw-pushpin.png</href>
					</Icon>
					<hotSpot x="20" y="2" xunits="pixels" yunits="pixels"/>
				</IconStyle>
				<LineStyle>
					<color>ff0000ff</color>
					<width>2</width>
				</LineStyle>
				<PolyStyle>
					<color>ffff0000</color>
					<fill>0</fill>
				</PolyStyle>
			</Style>
			<Folder>
				<name>Dams</name>
				<Placemark>
					<styleUrl>#m_ylw-pushpin100</styleUrl>
					<ExtendedData>
						<SchemaData schemaUrl="#Dams">
							<SimpleData name="PXSYMBOL">01/11/2013 06:05:35:993 PM</SimpleData>
							<SimpleData name="PX_AREA">1.58000</SimpleData>
							<SimpleData name="_PX_AREA">1.58000</SimpleData>
							<SimpleData name="AREAUNIT">ha</SimpleData>
							<SimpleData name="PX_PERIM">643.20000</SimpleData>
							<SimpleData name="_PX_PERIM">643.20000</SimpleData>
							<SimpleData name="PERIMUNIT">m</SimpleData>
							<SimpleData name="ENT_ID">0.0000</SimpleData>
							<SimpleData name="SEASON_ID">0.0000</SimpleData>
							<SimpleData name="SIDEKICK">N</SimpleData>
							<SimpleData name="BUF_DIST">0.00000</SimpleData>
							<SimpleData name="ZOOMFONTSZ">31517.63408</SimpleData>
							<SimpleData name="ZOOMSYMSZ">472764.52021</SimpleData>
							<SimpleData name="ZOOMSYMGAP">472764.52021</SimpleData>
							<SimpleData name="ZOOMOUTSZ">78794.08670</SimpleData>
							<SimpleData name="ZOOMOUTSG">0.00000</SimpleData>
							<SimpleData name="PXCIRCLE">0.0000</SimpleData>
						</SchemaData>
					</ExtendedData>
					<Polygon>
						<outerBoundaryIs>
							<LinearRing>
								<coordinates>
									150.3098258575358,-31.77653304193632,0 150.3095601416389,-31.77655525964401,0 150.309204289816,-31.77667938641686,0 150.3088297023575,-31.77669027331199,0 150.3090195561177,-31.77697639439431,0 150.3084985752266,-31.77672088531265,0 150.3083143839972,-31.77699909654636,0 150.3081014403786,-31.7767501003252,0 150.3078203111791,-31.77657488987812,0 150.3076750116428,-31.77627090255625,0 150.30748461857,-31.77600357532472,0 150.3076688099941,-31.77572536528248,0 150.3080412143418,-31.77578966394547,0 150.3089785999977,-31.7761104011663,0 150.3098961677354,-31.77635548430473,0 150.3098258575358,-31.77653304193632,0 
								</coordinates>
							</LinearRing>
						</outerBoundaryIs>
					</Polygon>
				</Placemark>
				<Placemark>
					<styleUrl>#m_ylw-pushpin100</styleUrl>
					<ExtendedData>
						<SchemaData schemaUrl="#Dams">
							<SimpleData name="PXSYMBOL">10/11/2013 09:11:00:484 AM</SimpleData>
							<SimpleData name="PX_AREA">0.23000</SimpleData>
							<SimpleData name="_PX_AREA">0.23000</SimpleData>
							<SimpleData name="AREAUNIT">ha</SimpleData>
							<SimpleData name="PX_PERIM">239.78000</SimpleData>
							<SimpleData name="_PX_PERIM">239.78000</SimpleData>
							<SimpleData name="PERIMUNIT">m</SimpleData>
							<SimpleData name="ENT_ID">0.0000</SimpleData>
							<SimpleData name="SEASON_ID">0.0000</SimpleData>
							<SimpleData name="SIDEKICK">N</SimpleData>
							<SimpleData name="BUF_DIST">0.00000</SimpleData>
							<SimpleData name="ZOOMFONTSZ">31521.56734</SimpleData>
							<SimpleData name="ZOOMSYMSZ">0.00000</SimpleData>
							<SimpleData name="ZOOMSYMGAP">0.00000</SimpleData>
							<SimpleData name="ZOOMOUTSZ">0.00000</SimpleData>
							<SimpleData name="ZOOMOUTSG">0.00000</SimpleData>
							<SimpleData name="PXCIRCLE">0.0000</SimpleData>
						</SchemaData>
					</ExtendedData>
					<Polygon>
						<outerBoundaryIs>
							<LinearRing>
								<coordinates>
									150.3046009382343,-31.76439803442202,0 150.305332766448,-31.76475757616165,0 150.3054389624889,-31.76489149047072,0 150.3051111069353,-31.76480931220172,0 150.3048465328913,-31.76482252030489,0 150.3044086663473,-31.76473801101544,0 150.3046009382343,-31.76439803442202,0 
								</coordinates>
							</LinearRing>
						</outerBoundaryIs>
					</Polygon>
				</Placemark>
				<Placemark>
					<styleUrl>#m_ylw-pushpin100</styleUrl>
					<ExtendedData>
						<SchemaData schemaUrl="#Dams">
							<SimpleData name="PXSYMBOL">10/11/2013 09:15:02:936 AM</SimpleData>
							<SimpleData name="PX_AREA">0.19000</SimpleData>
							<SimpleData name="_PX_AREA">0.19000</SimpleData>
							<SimpleData name="AREAUNIT">ha</SimpleData>
							<SimpleData name="PX_PERIM">293.71000</SimpleData>
							<SimpleData name="_PX_PERIM">293.71000</SimpleData>
							<SimpleData name="PERIMUNIT">m</SimpleData>
							<SimpleData name="ENT_ID">0.0000</SimpleData>
							<SimpleData name="SEASON_ID">0.0000</SimpleData>
							<SimpleData name="SIDEKICK">N</SimpleData>
							<SimpleData name="BUF_DIST">0.00000</SimpleData>
							<SimpleData name="ZOOMFONTSZ">31521.89811</SimpleData>
							<SimpleData name="ZOOMSYMSZ">0.00000</SimpleData>
							<SimpleData name="ZOOMSYMGAP">0.00000</SimpleData>
							<SimpleData name="ZOOMOUTSZ">0.00000</SimpleData>
							<SimpleData name="ZOOMOUTSG">0.00000</SimpleData>
							<SimpleData name="PXCIRCLE">0.0000</SimpleData>
						</SchemaData>
					</ExtendedData>
					<Polygon>
						<outerBoundaryIs>
							<LinearRing>
								<coordinates>
									150.3063658498523,-31.76504859435475,0 150.3067395674171,-31.76544376975432,0 150.3071385545525,-31.76611055321027,0 150.3068408640735,-31.76574686943556,0 150.3063204219007,-31.7654725204849,0 150.3063658498523,-31.76504859435475,0 
								</coordinates>
							</LinearRing>
						</outerBoundaryIs>
					</Polygon>
				</Placemark>
				<Placemark>
					<styleUrl>#m_ylw-pushpin100</styleUrl>
					<ExtendedData>
						<SchemaData schemaUrl="#Dams">
							<SimpleData name="PXSYMBOL">29/11/2013 09:36:09:496 AM</SimpleData>
							<SimpleData name="PX_AREA">0.51000</SimpleData>
							<SimpleData name="_PX_AREA">0.51000</SimpleData>
							<SimpleData name="AREAUNIT">ha</SimpleData>
							<SimpleData name="PX_PERIM">331.90000</SimpleData>
							<SimpleData name="_PX_PERIM">331.90000</SimpleData>
							<SimpleData name="PERIMUNIT">m</SimpleData>
							<SimpleData name="ENT_ID">0.0000</SimpleData>
							<SimpleData name="SEASON_ID">0.0000</SimpleData>
							<SimpleData name="SIDEKICK">N</SimpleData>
							<SimpleData name="BUF_DIST">0.00000</SimpleData>
							<SimpleData name="ZOOMFONTSZ">63092.55223</SimpleData>
							<SimpleData name="ZOOMSYMSZ">0.00000</SimpleData>
							<SimpleData name="ZOOMSYMGAP">0.00000</SimpleData>
							<SimpleData name="ZOOMOUTSZ">0.00000</SimpleData>
							<SimpleData name="ZOOMOUTSG">0.00000</SimpleData>
							<SimpleData name="PXCIRCLE">0.0000</SimpleData>
						</SchemaData>
					</ExtendedData>
					<Polygon>
						<outerBoundaryIs>
							<LinearRing>
								<coordinates>
									150.2828989014005,-31.79320822254739,0 150.2823548425717,-31.79372368623252,0 150.282017843464,-31.79318940410118,0 150.2818141078126,-31.79262031944062,0 150.2828989014005,-31.79320822254739,0 
								</coordinates>
							</LinearRing>
						</outerBoundaryIs>
					</Polygon>
				</Placemark>
				<Placemark>
					<styleUrl>#m_ylw-pushpin100</styleUrl>
					<ExtendedData>
						<SchemaData schemaUrl="#Dams">
							<SimpleData name="PXSYMBOL">29/11/2013 09:37:03:999 AM</SimpleData>
							<SimpleData name="PX_AREA">0.18000</SimpleData>
							<SimpleData name="_PX_AREA">0.18000</SimpleData>
							<SimpleData name="AREAUNIT">ha</SimpleData>
							<SimpleData name="PX_PERIM">197.62000</SimpleData>
							<SimpleData name="_PX_PERIM">197.62000</SimpleData>
							<SimpleData name="PERIMUNIT">m</SimpleData>
							<SimpleData name="ENT_ID">0.0000</SimpleData>
							<SimpleData name="SEASON_ID">0.0000</SimpleData>
							<SimpleData name="SIDEKICK">N</SimpleData>
							<SimpleData name="BUF_DIST">0.00000</SimpleData>
							<SimpleData name="ZOOMFONTSZ">63093.20813</SimpleData>
							<SimpleData name="ZOOMSYMSZ">0.00000</SimpleData>
							<SimpleData name="ZOOMSYMGAP">0.00000</SimpleData>
							<SimpleData name="ZOOMOUTSZ">0.00000</SimpleData>
							<SimpleData name="ZOOMOUTSG">0.00000</SimpleData>
							<SimpleData name="PXCIRCLE">0.0000</SimpleData>
						</SchemaData>
					</ExtendedData>
					<Polygon>
						<outerBoundaryIs>
							<LinearRing>
								<coordinates>
									150.2737619037346,-31.78667067220613,0 150.273947953559,-31.78729415094769,0 150.2732971530413,-31.78694136820978,0 150.2737619037346,-31.78667067220613,0 
								</coordinates>
							</LinearRing>
						</outerBoundaryIs>
					</Polygon>
				</Placemark>
			</Folder>
		</Document>
		<Document>
			<name>Fig Tree.kml</name>
			<Schema name="Fig_Tree" id="Fig_Tree">
				<SimpleField type="string" name="PXSYMBOL">
				</SimpleField>
				<SimpleField type="string" name="TEXT">
				</SimpleField>
				<SimpleField type="float" name="PX_AREA">
				</SimpleField>
				<SimpleField type="float" name="_PX_AREA">
				</SimpleField>
				<SimpleField type="string" name="AREAUNIT">
				</SimpleField>
				<SimpleField type="float" name="PX_PERIM">
				</SimpleField>
				<SimpleField type="float" name="_PX_PERIM">
				</SimpleField>
				<SimpleField type="string" name="PERIMUNIT">
				</SimpleField>
				<SimpleField type="float" name="ENT_ID">
				</SimpleField>
				<SimpleField type="float" name="SEASON_ID">
				</SimpleField>
				<SimpleField type="string" name="SIDEKICK">
				</SimpleField>
				<SimpleField type="float" name="BUF_DIST">
				</SimpleField>
				<SimpleField type="string" name="PARENT_SHP">
				</SimpleField>
				<SimpleField type="float" name="ZOOMFONTSZ">
				</SimpleField>
				<SimpleField type="float" name="ZOOMSYMSZ">
				</SimpleField>
				<SimpleField type="float" name="ZOOMSYMGAP">
				</SimpleField>
				<SimpleField type="float" name="ZOOMOUTSZ">
				</SimpleField>
				<SimpleField type="float" name="ZOOMOUTSG">
				</SimpleField>
				<SimpleField type="string" name="SYMBOL">
				</SimpleField>
				<SimpleField type="string" name="SYMBOLCODE">
				</SimpleField>
				<SimpleField type="string" name="TYPE_ID">
				</SimpleField>
				<SimpleField type="string" name="ENT_TYPE">
				</SimpleField>
				<SimpleField type="float" name="PXCIRCLE">
				</SimpleField>
			</Schema>
			<StyleMap id="m_ylw-pushpin6">
				<Pair>
					<key>normal</key>
					<styleUrl>#s_ylw-pushpin6</styleUrl>
				</Pair>
				<Pair>
					<key>highlight</key>
					<styleUrl>#s_ylw-pushpin_hl6</styleUrl>
				</Pair>
			</StyleMap>
			<Style id="s_ylw-pushpin6">
				<IconStyle>
					<scale>1.1</scale>
					<Icon>
						<href>http://maps.google.com/mapfiles/kml/pushpin/ylw-pushpin.png</href>
					</Icon>
					<hotSpot x="20" y="2" xunits="pixels" yunits="pixels"/>
				</IconStyle>
				<LineStyle>
					<color>ff0000ff</color>
					<width>1.5</width>
				</LineStyle>
				<PolyStyle>
					<fill>0</fill>
				</PolyStyle>
			</Style>
			<Style id="s_ylw-pushpin_hl6">
				<IconStyle>
					<scale>1.3</scale>
					<Icon>
						<href>http://maps.google.com/mapfiles/kml/pushpin/ylw-pushpin.png</href>
					</Icon>
					<hotSpot x="20" y="2" xunits="pixels" yunits="pixels"/>
				</IconStyle>
				<LineStyle>
					<color>ff0000ff</color>
					<width>1.5</width>
				</LineStyle>
				<PolyStyle>
					<fill>0</fill>
				</PolyStyle>
			</Style>
			<Folder>
				<name>Fig_Tree</name>
				<Placemark>
					<styleUrl>#m_ylw-pushpin6</styleUrl>
					<ExtendedData>
						<SchemaData schemaUrl="#Fig_Tree">
							<SimpleData name="PXSYMBOL">11/11/2013 02:52:41:555 PM</SimpleData>
							<SimpleData name="TEXT">Figtree</SimpleData>
							<SimpleData name="PX_AREA">83.16000</SimpleData>
							<SimpleData name="_PX_AREA">83.16000</SimpleData>
							<SimpleData name="AREAUNIT">ha</SimpleData>
							<SimpleData name="PX_PERIM">3661.32000</SimpleData>
							<SimpleData name="_PX_PERIM">3661.32000</SimpleData>
							<SimpleData name="PERIMUNIT">m</SimpleData>
							<SimpleData name="ENT_ID">0.0000</SimpleData>
							<SimpleData name="SEASON_ID">0.0000</SimpleData>
							<SimpleData name="SIDEKICK">N</SimpleData>
							<SimpleData name="BUF_DIST">0.00000</SimpleData>
							<SimpleData name="ZOOMFONTSZ">252136.37498</SimpleData>
							<SimpleData name="ZOOMSYMSZ">761437.54270</SimpleData>
							<SimpleData name="ZOOMSYMGAP">761437.54270</SimpleData>
							<SimpleData name="ZOOMOUTSZ">253812.51423</SimpleData>
							<SimpleData name="ZOOMOUTSG">0.00000</SimpleData>
							<SimpleData name="PXCIRCLE">0.0000</SimpleData>
						</SchemaData>
					</ExtendedData>
					<Polygon>
						<outerBoundaryIs>
							<LinearRing>
								<coordinates>
									150.2794515682814,-31.80050441392872,0 150.2807601578952,-31.79523765751817,0 150.2834843793661,-31.79320700997148,0 150.2892702869845,-31.7940002167814,0 150.2904248351665,-31.79409864694107,0 150.2911989075913,-31.79543169769256,0 150.2913008638726,-31.7970029287211,0 150.2916963152509,-31.79720071690424,0 150.2920282838481,-31.80138292613919,0 150.2912004277103,-31.80116691440077,0 150.2908809331271,-31.80089860113185,0 150.2890005012679,-31.80093068319293,0 150.2854852445464,-31.80090081137659,0 150.2834473233251,-31.80090239781832,0 150.2794515682814,-31.80050441392872,0 
								</coordinates>
							</LinearRing>
						</outerBoundaryIs>
					</Polygon>
				</Placemark>
			</Folder>
		</Document>
		<Document>
			<name>Garden.kml</name>
			<Schema name="Garden" id="Garden">
				<SimpleField type="string" name="PXSYMBOL">
				</SimpleField>
				<SimpleField type="string" name="TEXT">
				</SimpleField>
				<SimpleField type="float" name="PX_AREA">
				</SimpleField>
				<SimpleField type="float" name="_PX_AREA">
				</SimpleField>
				<SimpleField type="string" name="AREAUNIT">
				</SimpleField>
				<SimpleField type="float" name="PX_PERIM">
				</SimpleField>
				<SimpleField type="float" name="_PX_PERIM">
				</SimpleField>
				<SimpleField type="string" name="PERIMUNIT">
				</SimpleField>
				<SimpleField type="float" name="ENT_ID">
				</SimpleField>
				<SimpleField type="float" name="SEASON_ID">
				</SimpleField>
				<SimpleField type="string" name="SIDEKICK">
				</SimpleField>
				<SimpleField type="float" name="BUF_DIST">
				</SimpleField>
				<SimpleField type="string" name="PARENT_SHP">
				</SimpleField>
				<SimpleField type="float" name="ZOOMFONTSZ">
				</SimpleField>
				<SimpleField type="float" name="ZOOMSYMSZ">
				</SimpleField>
				<SimpleField type="float" name="ZOOMSYMGAP">
				</SimpleField>
				<SimpleField type="float" name="ZOOMOUTSZ">
				</SimpleField>
				<SimpleField type="float" name="ZOOMOUTSG">
				</SimpleField>
				<SimpleField type="string" name="SYMBOL">
				</SimpleField>
				<SimpleField type="string" name="SYMBOLCODE">
				</SimpleField>
				<SimpleField type="string" name="TYPE_ID">
				</SimpleField>
				<SimpleField type="string" name="ENT_TYPE">
				</SimpleField>
				<SimpleField type="float" name="PXCIRCLE">
				</SimpleField>
			</Schema>
			<StyleMap id="m_ylw-pushpin7">
				<Pair>
					<key>normal</key>
					<styleUrl>#s_ylw-pushpin7</styleUrl>
				</Pair>
				<Pair>
					<key>highlight</key>
					<styleUrl>#s_ylw-pushpin_hl7</styleUrl>
				</Pair>
			</StyleMap>
			<Style id="s_ylw-pushpin7">
				<IconStyle>
					<scale>1.1</scale>
					<Icon>
						<href>http://maps.google.com/mapfiles/kml/pushpin/ylw-pushpin.png</href>
					</Icon>
					<hotSpot x="20" y="2" xunits="pixels" yunits="pixels"/>
				</IconStyle>
				<LineStyle>
					<color>ff0000ff</color>
					<width>1.5</width>
				</LineStyle>
				<PolyStyle>
					<fill>0</fill>
				</PolyStyle>
			</Style>
			<Style id="s_ylw-pushpin_hl7">
				<IconStyle>
					<scale>1.3</scale>
					<Icon>
						<href>http://maps.google.com/mapfiles/kml/pushpin/ylw-pushpin.png</href>
					</Icon>
					<hotSpot x="20" y="2" xunits="pixels" yunits="pixels"/>
				</IconStyle>
				<LineStyle>
					<color>ff0000ff</color>
					<width>1.5</width>
				</LineStyle>
				<PolyStyle>
					<fill>0</fill>
				</PolyStyle>
			</Style>
			<Folder>
				<name>Garden</name>
				<Placemark>
					<styleUrl>#m_ylw-pushpin7</styleUrl>
					<ExtendedData>
						<SchemaData schemaUrl="#Garden">
							<SimpleData name="PXSYMBOL">27/11/2013 03:41:31:242 PM</SimpleData>
							<SimpleData name="TEXT">Garden</SimpleData>
							<SimpleData name="PX_AREA">33.10000</SimpleData>
							<SimpleData name="_PX_AREA">33.10000</SimpleData>
							<SimpleData name="AREAUNIT">ha</SimpleData>
							<SimpleData name="PX_PERIM">2574.63000</SimpleData>
							<SimpleData name="_PX_PERIM">2574.63000</SimpleData>
							<SimpleData name="PERIMUNIT">m</SimpleData>
							<SimpleData name="ENT_ID">0.0000</SimpleData>
							<SimpleData name="SEASON_ID">0.0000</SimpleData>
							<SimpleData name="SIDEKICK">N</SimpleData>
							<SimpleData name="BUF_DIST">0.00000</SimpleData>
							<SimpleData name="ZOOMFONTSZ">252460.76601</SimpleData>
							<SimpleData name="ZOOMSYMSZ">707526.94217</SimpleData>
							<SimpleData name="ZOOMSYMGAP">707526.94217</SimpleData>
							<SimpleData name="ZOOMOUTSZ">235842.31406</SimpleData>
							<SimpleData name="ZOOMOUTSG">0.00000</SimpleData>
							<SimpleData name="PXCIRCLE">0.0000</SimpleData>
						</SchemaData>
					</ExtendedData>
					<Polygon>
						<outerBoundaryIs>
							<LinearRing>
								<coordinates>
									150.2883257567723,-31.76688525943169,0 150.287983041971,-31.76776396419952,0 150.2881911692668,-31.76942885043114,0 150.2871328904222,-31.77211504891959,0 150.2855665960666,-31.77194309533053,0 150.284555201865,-31.76916614138146,0 150.2832275602459,-31.76511596459205,0 150.2882315228477,-31.763274948791,0 150.2892584660181,-31.7642526884804,0 150.2892253069618,-31.7650274074906,0 150.2890987888454,-31.76574612235953,0 150.2882973743232,-31.76572003485115,0 150.2883257567723,-31.76688525943169,0 
								</coordinates>
							</LinearRing>
						</outerBoundaryIs>
					</Polygon>
				</Placemark>
			</Folder>
		</Document>
		<Document>
			<name>House1.kml</name>
			<Schema name="House1" id="House1">
				<SimpleField type="string" name="PXSYMBOL">
				</SimpleField>
				<SimpleField type="string" name="TEXT">
				</SimpleField>
				<SimpleField type="float" name="PX_AREA">
				</SimpleField>
				<SimpleField type="float" name="_PX_AREA">
				</SimpleField>
				<SimpleField type="string" name="AREAUNIT">
				</SimpleField>
				<SimpleField type="float" name="PX_PERIM">
				</SimpleField>
				<SimpleField type="float" name="_PX_PERIM">
				</SimpleField>
				<SimpleField type="string" name="PERIMUNIT">
				</SimpleField>
				<SimpleField type="float" name="ENT_ID">
				</SimpleField>
				<SimpleField type="float" name="SEASON_ID">
				</SimpleField>
				<SimpleField type="string" name="SIDEKICK">
				</SimpleField>
				<SimpleField type="float" name="BUF_DIST">
				</SimpleField>
				<SimpleField type="string" name="PARENT_SHP">
				</SimpleField>
				<SimpleField type="float" name="ZOOMFONTSZ">
				</SimpleField>
				<SimpleField type="float" name="ZOOMSYMSZ">
				</SimpleField>
				<SimpleField type="float" name="ZOOMSYMGAP">
				</SimpleField>
				<SimpleField type="float" name="ZOOMOUTSZ">
				</SimpleField>
				<SimpleField type="float" name="ZOOMOUTSG">
				</SimpleField>
				<SimpleField type="string" name="SYMBOL">
				</SimpleField>
				<SimpleField type="string" name="SYMBOLCODE">
				</SimpleField>
				<SimpleField type="string" name="TYPE_ID">
				</SimpleField>
				<SimpleField type="string" name="ENT_TYPE">
				</SimpleField>
				<SimpleField type="float" name="PXCIRCLE">
				</SimpleField>
			</Schema>
			<StyleMap id="m_ylw-pushpin9">
				<Pair>
					<key>normal</key>
					<styleUrl>#s_ylw-pushpin9</styleUrl>
				</Pair>
				<Pair>
					<key>highlight</key>
					<styleUrl>#s_ylw-pushpin_hl9</styleUrl>
				</Pair>
			</StyleMap>
			<Style id="s_ylw-pushpin9">
				<IconStyle>
					<scale>1.1</scale>
					<Icon>
						<href>http://maps.google.com/mapfiles/kml/pushpin/ylw-pushpin.png</href>
					</Icon>
					<hotSpot x="20" y="2" xunits="pixels" yunits="pixels"/>
				</IconStyle>
				<LineStyle>
					<color>ff0000ff</color>
					<width>1.5</width>
				</LineStyle>
				<PolyStyle>
					<fill>0</fill>
				</PolyStyle>
			</Style>
			<Style id="s_ylw-pushpin_hl9">
				<IconStyle>
					<scale>1.3</scale>
					<Icon>
						<href>http://maps.google.com/mapfiles/kml/pushpin/ylw-pushpin.png</href>
					</Icon>
					<hotSpot x="20" y="2" xunits="pixels" yunits="pixels"/>
				</IconStyle>
				<LineStyle>
					<color>ff0000ff</color>
					<width>1.5</width>
				</LineStyle>
				<PolyStyle>
					<fill>0</fill>
				</PolyStyle>
			</Style>
			<Folder>
				<name>House1</name>
				<Placemark>
					<styleUrl>#m_ylw-pushpin9</styleUrl>
					<ExtendedData>
						<SchemaData schemaUrl="#House1">
							<SimpleData name="PXSYMBOL">29/11/2013 09:15:40:395 AM</SimpleData>
							<SimpleData name="TEXT">House</SimpleData>
							<SimpleData name="PX_AREA">36.66000</SimpleData>
							<SimpleData name="_PX_AREA">36.66000</SimpleData>
							<SimpleData name="AREAUNIT">ha</SimpleData>
							<SimpleData name="PX_PERIM">3345.23000</SimpleData>
							<SimpleData name="_PX_PERIM">3345.23000</SimpleData>
							<SimpleData name="PERIMUNIT">m</SimpleData>
							<SimpleData name="ENT_ID">0.0000</SimpleData>
							<SimpleData name="SEASON_ID">0.0000</SimpleData>
							<SimpleData name="SIDEKICK">N</SimpleData>
							<SimpleData name="BUF_DIST">0.00000</SimpleData>
							<SimpleData name="ZOOMFONTSZ">181416.21047</SimpleData>
							<SimpleData name="ZOOMSYMSZ">451617.25495</SimpleData>
							<SimpleData name="ZOOMSYMGAP">451617.25495</SimpleData>
							<SimpleData name="ZOOMOUTSZ">150539.08498</SimpleData>
							<SimpleData name="ZOOMOUTSG">0.00000</SimpleData>
							<SimpleData name="PXCIRCLE">0.0000</SimpleData>
						</SchemaData>
					</ExtendedData>
					<Polygon>
						<outerBoundaryIs>
							<LinearRing>
								<coordinates>
									150.2810791048463,-31.77397044770267,0 150.2815626960445,-31.77106568029103,0 150.284555201865,-31.76916614138146,0 150.2855665960666,-31.77194309533053,0 150.2871328904222,-31.77211504891959,0 150.2899266265583,-31.77210313207023,0 150.2906239202857,-31.77208190675588,0 150.290645841906,-31.77241602505136,0 150.2910722764577,-31.77227180234977,0 150.291645462311,-31.77324888523015,0 150.2919015067197,-31.77532838468356,0 150.2886320290416,-31.77520016919056,0 150.2840447934492,-31.77507079080672,0 150.2842341375011,-31.77437145934799,0 150.2844717455453,-31.77382645624315,0 150.284724624742,-31.77385593967897,0 150.2847201746478,-31.77363336947077,0 150.2850680365416,-31.77364980784361,0 150.2852162395842,-31.77327423020604,0 150.2852288959509,-31.77320235941946,0 150.2849205982313,-31.77327694145992,0 150.2848325164796,-31.77340130873444,0 150.2844184620705,-31.7734826509617,0 150.2810791048463,-31.77397044770267,0 
								</coordinates>
							</LinearRing>
						</outerBoundaryIs>
					</Polygon>
				</Placemark>
			</Folder>
		</Document>
		<Document>
			<name>House.kml</name>
			<Schema name="House" id="House">
				<SimpleField type="string" name="PXSYMBOL">
				</SimpleField>
				<SimpleField type="string" name="TEXT">
				</SimpleField>
				<SimpleField type="float" name="PX_AREA">
				</SimpleField>
				<SimpleField type="float" name="_PX_AREA">
				</SimpleField>
				<SimpleField type="string" name="AREAUNIT">
				</SimpleField>
				<SimpleField type="float" name="PX_PERIM">
				</SimpleField>
				<SimpleField type="float" name="_PX_PERIM">
				</SimpleField>
				<SimpleField type="string" name="PERIMUNIT">
				</SimpleField>
				<SimpleField type="float" name="ENT_ID">
				</SimpleField>
				<SimpleField type="float" name="SEASON_ID">
				</SimpleField>
				<SimpleField type="string" name="SIDEKICK">
				</SimpleField>
				<SimpleField type="float" name="BUF_DIST">
				</SimpleField>
				<SimpleField type="string" name="PARENT_SHP">
				</SimpleField>
				<SimpleField type="float" name="ZOOMFONTSZ">
				</SimpleField>
				<SimpleField type="float" name="ZOOMSYMSZ">
				</SimpleField>
				<SimpleField type="float" name="ZOOMSYMGAP">
				</SimpleField>
				<SimpleField type="float" name="ZOOMOUTSZ">
				</SimpleField>
				<SimpleField type="float" name="ZOOMOUTSG">
				</SimpleField>
				<SimpleField type="string" name="SYMBOL">
				</SimpleField>
				<SimpleField type="string" name="SYMBOLCODE">
				</SimpleField>
				<SimpleField type="string" name="TYPE_ID">
				</SimpleField>
				<SimpleField type="string" name="ENT_TYPE">
				</SimpleField>
				<SimpleField type="float" name="PXCIRCLE">
				</SimpleField>
			</Schema>
			<Folder>
				<name>House</name>
				<Placemark>
					<Style>
						<LineStyle>
							<color>ff0000ff</color>
						</LineStyle>
						<PolyStyle>
							<fill>0</fill>
						</PolyStyle>
					</Style>
					<ExtendedData>
						<SchemaData schemaUrl="#House">
							<SimpleData name="PXSYMBOL">12/11/2013 10:57:25:564 AM</SimpleData>
							<SimpleData name="TEXT">Home</SimpleData>
							<SimpleData name="PX_AREA">0.62000</SimpleData>
							<SimpleData name="_PX_AREA">0.62000</SimpleData>
							<SimpleData name="AREAUNIT">ha</SimpleData>
							<SimpleData name="PX_PERIM">327.35000</SimpleData>
							<SimpleData name="_PX_PERIM">327.35000</SimpleData>
							<SimpleData name="PERIMUNIT">m</SimpleData>
							<SimpleData name="ENT_ID">0.0000</SimpleData>
							<SimpleData name="SEASON_ID">0.0000</SimpleData>
							<SimpleData name="SIDEKICK">N</SimpleData>
							<SimpleData name="BUF_DIST">0.00000</SimpleData>
							<SimpleData name="ZOOMFONTSZ">24143.05054</SimpleData>
							<SimpleData name="ZOOMSYMSZ">91963.56927</SimpleData>
							<SimpleData name="ZOOMSYMGAP">91963.56927</SimpleData>
							<SimpleData name="ZOOMOUTSZ">30654.52309</SimpleData>
							<SimpleData name="ZOOMOUTSG">0.00000</SimpleData>
							<SimpleData name="PXCIRCLE">0.0000</SimpleData>
						</SchemaData>
					</ExtendedData>
					<Polygon>
						<outerBoundaryIs>
							<LinearRing>
								<coordinates>
									150.2858652442111,-31.77257117980905,0 150.2859332904924,-31.77257713272818,0 150.2861738143886,-31.77265440220326,0 150.2863317883921,-31.77266678804279,0 150.2863268038065,-31.7731987199958,0 150.2862809208596,-31.77332398806419,0 150.2853164502152,-31.77309601577846,0 150.2852779408631,-31.77296894809688,0 150.2852694987805,-31.77289662728454,0 150.285370498974,-31.77269137684686,0 150.2856442501807,-31.77271525043182,0 150.2856168163287,-31.77257038384542,0 150.2858652442111,-31.77257117980905,0 
								</coordinates>
							</LinearRing>
						</outerBoundaryIs>
					</Polygon>
				</Placemark>
			</Folder>
		</Document>
		<Document>
			<name>Johns.kml</name>
			<Schema name="Johns" id="Johns">
				<SimpleField type="string" name="PXSYMBOL">
				</SimpleField>
				<SimpleField type="string" name="TEXT">
				</SimpleField>
				<SimpleField type="float" name="PX_AREA">
				</SimpleField>
				<SimpleField type="float" name="_PX_AREA">
				</SimpleField>
				<SimpleField type="string" name="AREAUNIT">
				</SimpleField>
				<SimpleField type="float" name="PX_PERIM">
				</SimpleField>
				<SimpleField type="float" name="_PX_PERIM">
				</SimpleField>
				<SimpleField type="string" name="PERIMUNIT">
				</SimpleField>
				<SimpleField type="float" name="ENT_ID">
				</SimpleField>
				<SimpleField type="float" name="SEASON_ID">
				</SimpleField>
				<SimpleField type="string" name="SIDEKICK">
				</SimpleField>
				<SimpleField type="float" name="BUF_DIST">
				</SimpleField>
				<SimpleField type="string" name="PARENT_SHP">
				</SimpleField>
				<SimpleField type="float" name="ZOOMFONTSZ">
				</SimpleField>
				<SimpleField type="float" name="ZOOMSYMSZ">
				</SimpleField>
				<SimpleField type="float" name="ZOOMSYMGAP">
				</SimpleField>
				<SimpleField type="float" name="ZOOMOUTSZ">
				</SimpleField>
				<SimpleField type="float" name="ZOOMOUTSG">
				</SimpleField>
				<SimpleField type="string" name="SYMBOL">
				</SimpleField>
				<SimpleField type="string" name="SYMBOLCODE">
				</SimpleField>
				<SimpleField type="string" name="TYPE_ID">
				</SimpleField>
				<SimpleField type="string" name="ENT_TYPE">
				</SimpleField>
				<SimpleField type="float" name="PXCIRCLE">
				</SimpleField>
			</Schema>
			<StyleMap id="m_ylw-pushpin11">
				<Pair>
					<key>normal</key>
					<styleUrl>#s_ylw-pushpin11</styleUrl>
				</Pair>
				<Pair>
					<key>highlight</key>
					<styleUrl>#s_ylw-pushpin_hl11</styleUrl>
				</Pair>
			</StyleMap>
			<Style id="s_ylw-pushpin11">
				<IconStyle>
					<scale>1.1</scale>
					<Icon>
						<href>http://maps.google.com/mapfiles/kml/pushpin/ylw-pushpin.png</href>
					</Icon>
					<hotSpot x="20" y="2" xunits="pixels" yunits="pixels"/>
				</IconStyle>
				<LineStyle>
					<color>ff0000ff</color>
					<width>1.5</width>
				</LineStyle>
				<PolyStyle>
					<fill>0</fill>
				</PolyStyle>
			</Style>
			<Style id="s_ylw-pushpin_hl11">
				<IconStyle>
					<scale>1.3</scale>
					<Icon>
						<href>http://maps.google.com/mapfiles/kml/pushpin/ylw-pushpin.png</href>
					</Icon>
					<hotSpot x="20" y="2" xunits="pixels" yunits="pixels"/>
				</IconStyle>
				<LineStyle>
					<color>ff0000ff</color>
					<width>1.5</width>
				</LineStyle>
				<PolyStyle>
					<fill>0</fill>
				</PolyStyle>
			</Style>
			<Folder>
				<name>Johns</name>
				<Placemark>
					<styleUrl>#m_ylw-pushpin11</styleUrl>
					<ExtendedData>
						<SchemaData schemaUrl="#Johns">
							<SimpleData name="PXSYMBOL">14/01/2014 04:20:39:876 PM</SimpleData>
							<SimpleData name="TEXT">Johns</SimpleData>
							<SimpleData name="PX_AREA">88.03000</SimpleData>
							<SimpleData name="_PX_AREA">88.03000</SimpleData>
							<SimpleData name="AREAUNIT">ha</SimpleData>
							<SimpleData name="PX_PERIM">4107.89000</SimpleData>
							<SimpleData name="_PX_PERIM">4107.89000</SimpleData>
							<SimpleData name="PERIMUNIT">m</SimpleData>
							<SimpleData name="ENT_ID">0.0000</SimpleData>
							<SimpleData name="SEASON_ID">0.0000</SimpleData>
							<SimpleData name="SIDEKICK">N</SimpleData>
							<SimpleData name="BUF_DIST">0.00000</SimpleData>
							<SimpleData name="ZOOMFONTSZ">252148.80053</SimpleData>
							<SimpleData name="ZOOMSYMSZ">712007.79122</SimpleData>
							<SimpleData name="ZOOMSYMGAP">712007.79122</SimpleData>
							<SimpleData name="ZOOMOUTSZ">237335.93041</SimpleData>
							<SimpleData name="ZOOMOUTSG">0.00000</SimpleData>
							<SimpleData name="PXCIRCLE">0.0000</SimpleData>
						</SchemaData>
					</ExtendedData>
					<Polygon>
						<outerBoundaryIs>
							<LinearRing>
								<coordinates>
									150.2579567323242,-31.78000455720343,0 150.2580057805202,-31.77989716574369,0 150.2641380075026,-31.77465353455219,0 150.2675571766286,-31.77360872398252,0 150.2676541727761,-31.77569385637946,0 150.2672993944883,-31.77770616568998,0 150.267772253816,-31.77957392918094,0 150.2678348922667,-31.78210919890265,0 150.2680935340623,-31.78444136294279,0 150.2691945038866,-31.78691712440345,0 150.2664524208051,-31.78747198526705,0 150.2622251770572,-31.78439630884543,0 150.2579567323242,-31.78000455720343,0 
								</coordinates>
							</LinearRing>
						</outerBoundaryIs>
					</Polygon>
				</Placemark>
			</Folder>
		</Document>
		<Document>
			<name>Middle Springs.kml</name>
			<Schema name="Middle_Springs" id="Middle_Springs">
				<SimpleField type="string" name="PXSYMBOL">
				</SimpleField>
				<SimpleField type="string" name="TEXT">
				</SimpleField>
				<SimpleField type="float" name="PX_AREA">
				</SimpleField>
				<SimpleField type="float" name="_PX_AREA">
				</SimpleField>
				<SimpleField type="string" name="AREAUNIT">
				</SimpleField>
				<SimpleField type="float" name="PX_PERIM">
				</SimpleField>
				<SimpleField type="float" name="_PX_PERIM">
				</SimpleField>
				<SimpleField type="string" name="PERIMUNIT">
				</SimpleField>
				<SimpleField type="float" name="ENT_ID">
				</SimpleField>
				<SimpleField type="float" name="SEASON_ID">
				</SimpleField>
				<SimpleField type="string" name="SIDEKICK">
				</SimpleField>
				<SimpleField type="float" name="BUF_DIST">
				</SimpleField>
				<SimpleField type="string" name="PARENT_SHP">
				</SimpleField>
				<SimpleField type="float" name="ZOOMFONTSZ">
				</SimpleField>
				<SimpleField type="float" name="ZOOMSYMSZ">
				</SimpleField>
				<SimpleField type="float" name="ZOOMSYMGAP">
				</SimpleField>
				<SimpleField type="float" name="ZOOMOUTSZ">
				</SimpleField>
				<SimpleField type="float" name="ZOOMOUTSG">
				</SimpleField>
				<SimpleField type="string" name="SYMBOL">
				</SimpleField>
				<SimpleField type="string" name="SYMBOLCODE">
				</SimpleField>
				<SimpleField type="string" name="TYPE_ID">
				</SimpleField>
				<SimpleField type="string" name="ENT_TYPE">
				</SimpleField>
				<SimpleField type="float" name="PXCIRCLE">
				</SimpleField>
			</Schema>
			<StyleMap id="m_ylw-pushpin14">
				<Pair>
					<key>normal</key>
					<styleUrl>#s_ylw-pushpin14</styleUrl>
				</Pair>
				<Pair>
					<key>highlight</key>
					<styleUrl>#s_ylw-pushpin_hl14</styleUrl>
				</Pair>
			</StyleMap>
			<Style id="s_ylw-pushpin14">
				<IconStyle>
					<scale>1.1</scale>
					<Icon>
						<href>http://maps.google.com/mapfiles/kml/pushpin/ylw-pushpin.png</href>
					</Icon>
					<hotSpot x="20" y="2" xunits="pixels" yunits="pixels"/>
				</IconStyle>
				<LineStyle>
					<color>ff0000ff</color>
				</LineStyle>
				<PolyStyle>
					<fill>0</fill>
				</PolyStyle>
			</Style>
			<Style id="s_ylw-pushpin_hl14">
				<IconStyle>
					<scale>1.3</scale>
					<Icon>
						<href>http://maps.google.com/mapfiles/kml/pushpin/ylw-pushpin.png</href>
					</Icon>
					<hotSpot x="20" y="2" xunits="pixels" yunits="pixels"/>
				</IconStyle>
				<LineStyle>
					<color>ff0000ff</color>
				</LineStyle>
				<PolyStyle>
					<fill>0</fill>
				</PolyStyle>
			</Style>
			<Folder>
				<name>Middle_Springs</name>
				<Placemark>
					<styleUrl>#m_ylw-pushpin14</styleUrl>
					<ExtendedData>
						<SchemaData schemaUrl="#Middle_Springs">
							<SimpleData name="PXSYMBOL">29/04/2014 02:30:23:358 PM</SimpleData>
							<SimpleData name="TEXT">Middle Springs</SimpleData>
							<SimpleData name="PX_AREA">124.80000</SimpleData>
							<SimpleData name="_PX_AREA">124.80000</SimpleData>
							<SimpleData name="AREAUNIT">ha</SimpleData>
							<SimpleData name="PX_PERIM">4800.01000</SimpleData>
							<SimpleData name="_PX_PERIM">4800.01000</SimpleData>
							<SimpleData name="PERIMUNIT">m</SimpleData>
							<SimpleData name="ENT_ID">0.0000</SimpleData>
							<SimpleData name="SEASON_ID">0.0000</SimpleData>
							<SimpleData name="SIDEKICK">N</SimpleData>
							<SimpleData name="BUF_DIST">0.00000</SimpleData>
							<SimpleData name="ZOOMFONTSZ">247986.27345</SimpleData>
							<SimpleData name="ZOOMSYMSZ">771251.95821</SimpleData>
							<SimpleData name="ZOOMSYMGAP">771251.95821</SimpleData>
							<SimpleData name="ZOOMOUTSZ">257083.98607</SimpleData>
							<SimpleData name="ZOOMOUTSG">0.00000</SimpleData>
							<SimpleData name="PXCIRCLE">0.0000</SimpleData>
						</SchemaData>
					</ExtendedData>
					<Polygon>
						<outerBoundaryIs>
							<LinearRing>
								<coordinates>
									150.3066687419731,-31.7753532699123,0 150.3216119186318,-31.77696716761323,0 150.3231638198675,-31.77879434273226,0 150.3252748023417,-31.77917238175093,0 150.3262339115787,-31.78105920392494,0 150.3261734455007,-31.78315906209109,0 150.3257578155696,-31.78329461199809,0 150.3172913950394,-31.7851093215241,0 150.3135112146726,-31.78476805979594,0 150.3066687419731,-31.7753532699123,0 
								</coordinates>
							</LinearRing>
						</outerBoundaryIs>
					</Polygon>
				</Placemark>
			</Folder>
		</Document>
		<Document>
			<name>Myall.kml</name>
			<Schema name="Myall" id="Myall">
				<SimpleField type="string" name="PXSYMBOL">
				</SimpleField>
				<SimpleField type="string" name="TEXT">
				</SimpleField>
				<SimpleField type="float" name="PX_AREA">
				</SimpleField>
				<SimpleField type="float" name="_PX_AREA">
				</SimpleField>
				<SimpleField type="string" name="AREAUNIT">
				</SimpleField>
				<SimpleField type="float" name="PX_PERIM">
				</SimpleField>
				<SimpleField type="float" name="_PX_PERIM">
				</SimpleField>
				<SimpleField type="string" name="PERIMUNIT">
				</SimpleField>
				<SimpleField type="float" name="ENT_ID">
				</SimpleField>
				<SimpleField type="float" name="SEASON_ID">
				</SimpleField>
				<SimpleField type="string" name="SIDEKICK">
				</SimpleField>
				<SimpleField type="float" name="BUF_DIST">
				</SimpleField>
				<SimpleField type="string" name="PARENT_SHP">
				</SimpleField>
				<SimpleField type="float" name="ZOOMFONTSZ">
				</SimpleField>
				<SimpleField type="float" name="ZOOMSYMSZ">
				</SimpleField>
				<SimpleField type="float" name="ZOOMSYMGAP">
				</SimpleField>
				<SimpleField type="float" name="ZOOMOUTSZ">
				</SimpleField>
				<SimpleField type="float" name="ZOOMOUTSG">
				</SimpleField>
				<SimpleField type="string" name="SYMBOL">
				</SimpleField>
				<SimpleField type="string" name="SYMBOLCODE">
				</SimpleField>
				<SimpleField type="string" name="TYPE_ID">
				</SimpleField>
				<SimpleField type="string" name="ENT_TYPE">
				</SimpleField>
				<SimpleField type="float" name="PXCIRCLE">
				</SimpleField>
			</Schema>
			<StyleMap id="m_ylw-pushpin15">
				<Pair>
					<key>normal</key>
					<styleUrl>#s_ylw-pushpin15</styleUrl>
				</Pair>
				<Pair>
					<key>highlight</key>
					<styleUrl>#s_ylw-pushpin_hl15</styleUrl>
				</Pair>
			</StyleMap>
			<Style id="s_ylw-pushpin15">
				<IconStyle>
					<scale>1.1</scale>
					<Icon>
						<href>http://maps.google.com/mapfiles/kml/pushpin/ylw-pushpin.png</href>
					</Icon>
					<hotSpot x="20" y="2" xunits="pixels" yunits="pixels"/>
				</IconStyle>
				<LineStyle>
					<color>ff0000ff</color>
					<width>1.5</width>
				</LineStyle>
				<PolyStyle>
					<fill>0</fill>
				</PolyStyle>
			</Style>
			<Style id="s_ylw-pushpin_hl15">
				<IconStyle>
					<scale>1.3</scale>
					<Icon>
						<href>http://maps.google.com/mapfiles/kml/pushpin/ylw-pushpin.png</href>
					</Icon>
					<hotSpot x="20" y="2" xunits="pixels" yunits="pixels"/>
				</IconStyle>
				<LineStyle>
					<color>ff0000ff</color>
					<width>1.5</width>
				</LineStyle>
				<PolyStyle>
					<fill>0</fill>
				</PolyStyle>
			</Style>
			<Folder>
				<name>Myall</name>
				<Placemark>
					<styleUrl>#m_ylw-pushpin15</styleUrl>
					<ExtendedData>
						<SchemaData schemaUrl="#Myall">
							<SimpleData name="PXSYMBOL">14/01/2014 03:44:12:688 PM</SimpleData>
							<SimpleData name="TEXT">Myall</SimpleData>
							<SimpleData name="PX_AREA">116.94000</SimpleData>
							<SimpleData name="_PX_AREA">116.94000</SimpleData>
							<SimpleData name="AREAUNIT">ha</SimpleData>
							<SimpleData name="PX_PERIM">4619.32000</SimpleData>
							<SimpleData name="_PX_PERIM">4619.32000</SimpleData>
							<SimpleData name="PERIMUNIT">m</SimpleData>
							<SimpleData name="ENT_ID">0.0000</SimpleData>
							<SimpleData name="SEASON_ID">0.0000</SimpleData>
							<SimpleData name="SIDEKICK">N</SimpleData>
							<SimpleData name="BUF_DIST">0.00000</SimpleData>
							<SimpleData name="ZOOMFONTSZ">252460.76601</SimpleData>
							<SimpleData name="ZOOMSYMSZ">1115947.12311</SimpleData>
							<SimpleData name="ZOOMSYMGAP">1115947.12311</SimpleData>
							<SimpleData name="ZOOMOUTSZ">371982.37437</SimpleData>
							<SimpleData name="ZOOMOUTSG">0.00000</SimpleData>
							<SimpleData name="PXCIRCLE">0.0000</SimpleData>
						</SchemaData>
					</ExtendedData>
					<Polygon>
						<outerBoundaryIs>
							<LinearRing>
								<coordinates>
									150.2673332548706,-31.76327880504491,0 150.2832275602459,-31.76511596459205,0 150.284555201865,-31.76916614138146,0 150.2815626960445,-31.77106568029103,0 150.2775249660812,-31.77026048181609,0 150.2672638411462,-31.77066270994158,0 150.266697770769,-31.76981192436874,0 150.2655352792162,-31.76842530808474,0 150.2658904287434,-31.76568258908486,0 150.267175404404,-31.76433951645468,0 150.2673332548706,-31.76327880504491,0 
								</coordinates>
							</LinearRing>
						</outerBoundaryIs>
					</Polygon>
				</Placemark>
			</Folder>
		</Document>
		<Document>
			<name>Number One.kml</name>
			<Schema name="Number_One" id="Number_One">
				<SimpleField type="string" name="PXSYMBOL">
				</SimpleField>
				<SimpleField type="string" name="TEXT">
				</SimpleField>
				<SimpleField type="float" name="PX_AREA">
				</SimpleField>
				<SimpleField type="float" name="_PX_AREA">
				</SimpleField>
				<SimpleField type="string" name="AREAUNIT">
				</SimpleField>
				<SimpleField type="float" name="PX_PERIM">
				</SimpleField>
				<SimpleField type="float" name="_PX_PERIM">
				</SimpleField>
				<SimpleField type="string" name="PERIMUNIT">
				</SimpleField>
				<SimpleField type="float" name="ENT_ID">
				</SimpleField>
				<SimpleField type="float" name="SEASON_ID">
				</SimpleField>
				<SimpleField type="string" name="SIDEKICK">
				</SimpleField>
				<SimpleField type="float" name="BUF_DIST">
				</SimpleField>
				<SimpleField type="string" name="PARENT_SHP">
				</SimpleField>
				<SimpleField type="float" name="ZOOMFONTSZ">
				</SimpleField>
				<SimpleField type="float" name="ZOOMSYMSZ">
				</SimpleField>
				<SimpleField type="float" name="ZOOMSYMGAP">
				</SimpleField>
				<SimpleField type="float" name="ZOOMOUTSZ">
				</SimpleField>
				<SimpleField type="float" name="ZOOMOUTSG">
				</SimpleField>
				<SimpleField type="string" name="SYMBOL">
				</SimpleField>
				<SimpleField type="string" name="SYMBOLCODE">
				</SimpleField>
				<SimpleField type="string" name="TYPE_ID">
				</SimpleField>
				<SimpleField type="string" name="ENT_TYPE">
				</SimpleField>
				<SimpleField type="float" name="PXCIRCLE">
				</SimpleField>
			</Schema>
			<StyleMap id="m_ylw-pushpin16">
				<Pair>
					<key>normal</key>
					<styleUrl>#s_ylw-pushpin16</styleUrl>
				</Pair>
				<Pair>
					<key>highlight</key>
					<styleUrl>#s_ylw-pushpin_hl16</styleUrl>
				</Pair>
			</StyleMap>
			<Style id="s_ylw-pushpin16">
				<IconStyle>
					<scale>1.1</scale>
					<Icon>
						<href>http://maps.google.com/mapfiles/kml/pushpin/ylw-pushpin.png</href>
					</Icon>
					<hotSpot x="20" y="2" xunits="pixels" yunits="pixels"/>
				</IconStyle>
				<LineStyle>
					<color>ff0000ff</color>
					<width>1.5</width>
				</LineStyle>
				<PolyStyle>
					<fill>0</fill>
				</PolyStyle>
			</Style>
			<Style id="s_ylw-pushpin_hl16">
				<IconStyle>
					<scale>1.3</scale>
					<Icon>
						<href>http://maps.google.com/mapfiles/kml/pushpin/ylw-pushpin.png</href>
					</Icon>
					<hotSpot x="20" y="2" xunits="pixels" yunits="pixels"/>
				</IconStyle>
				<LineStyle>
					<color>ff0000ff</color>
					<width>1.5</width>
				</LineStyle>
				<PolyStyle>
					<fill>0</fill>
				</PolyStyle>
			</Style>
			<Folder>
				<name>Number_One</name>
				<Placemark>
					<styleUrl>#m_ylw-pushpin16</styleUrl>
					<ExtendedData>
						<SchemaData schemaUrl="#Number_One">
							<SimpleData name="PXSYMBOL">11/11/2013 03:04:17:917 PM</SimpleData>
							<SimpleData name="TEXT">Number One</SimpleData>
							<SimpleData name="PX_AREA">231.55000</SimpleData>
							<SimpleData name="_PX_AREA">231.55000</SimpleData>
							<SimpleData name="AREAUNIT">ha</SimpleData>
							<SimpleData name="PX_PERIM">5998.11000</SimpleData>
							<SimpleData name="_PX_PERIM">5998.11000</SimpleData>
							<SimpleData name="PERIMUNIT">m</SimpleData>
							<SimpleData name="ENT_ID">0.0000</SimpleData>
							<SimpleData name="SEASON_ID">0.0000</SimpleData>
							<SimpleData name="SIDEKICK">N</SimpleData>
							<SimpleData name="BUF_DIST">0.00000</SimpleData>
							<SimpleData name="ZOOMFONTSZ">252136.37498</SimpleData>
							<SimpleData name="ZOOMSYMSZ">983298.17258</SimpleData>
							<SimpleData name="ZOOMSYMGAP">983298.17258</SimpleData>
							<SimpleData name="ZOOMOUTSZ">327766.05753</SimpleData>
							<SimpleData name="ZOOMOUTSG">0.00000</SimpleData>
							<SimpleData name="PXCIRCLE">0.0000</SimpleData>
						</SchemaData>
					</ExtendedData>
					<Polygon>
						<outerBoundaryIs>
							<LinearRing>
								<coordinates>
									150.3262006856931,-31.7833129356434,0 150.3272533385952,-31.78488609653907,0 150.327336795849,-31.78565435554865,0 150.3285386013405,-31.78791598631419,0 150.3283728223202,-31.78927418139478,0 150.3295656980909,-31.791481510052,0 150.3298161115764,-31.79268612213178,0 150.3292370119033,-31.79519892836257,0 150.3294476503338,-31.79705198124212,0 150.3297542853334,-31.79777081668251,0 150.3294544250008,-31.79901798472628,0 150.3256329581246,-31.79862209102373,0 150.3227223516848,-31.79922818272575,0 150.3202276617993,-31.79895923522173,0 150.3124582637547,-31.79561211246677,0 150.3135112146726,-31.78476805979594,0 150.3172913950394,-31.7851093215241,0 150.3257578155696,-31.78329461199809,0 150.3261734455007,-31.78315906209109,0 150.3262006856931,-31.7833129356434,0 
								</coordinates>
							</LinearRing>
						</outerBoundaryIs>
					</Polygon>
				</Placemark>
			</Folder>
		</Document>
		<Document>
			<name>Number Two.kml</name>
			<Schema name="Number_Two" id="Number_Two">
				<SimpleField type="string" name="PXSYMBOL">
				</SimpleField>
				<SimpleField type="string" name="TEXT">
				</SimpleField>
				<SimpleField type="float" name="PX_AREA">
				</SimpleField>
				<SimpleField type="float" name="_PX_AREA">
				</SimpleField>
				<SimpleField type="string" name="AREAUNIT">
				</SimpleField>
				<SimpleField type="float" name="PX_PERIM">
				</SimpleField>
				<SimpleField type="float" name="_PX_PERIM">
				</SimpleField>
				<SimpleField type="string" name="PERIMUNIT">
				</SimpleField>
				<SimpleField type="float" name="ENT_ID">
				</SimpleField>
				<SimpleField type="float" name="SEASON_ID">
				</SimpleField>
				<SimpleField type="string" name="SIDEKICK">
				</SimpleField>
				<SimpleField type="float" name="BUF_DIST">
				</SimpleField>
				<SimpleField type="string" name="PARENT_SHP">
				</SimpleField>
				<SimpleField type="float" name="ZOOMFONTSZ">
				</SimpleField>
				<SimpleField type="float" name="ZOOMSYMSZ">
				</SimpleField>
				<SimpleField type="float" name="ZOOMSYMGAP">
				</SimpleField>
				<SimpleField type="float" name="ZOOMOUTSZ">
				</SimpleField>
				<SimpleField type="float" name="ZOOMOUTSG">
				</SimpleField>
				<SimpleField type="string" name="SYMBOL">
				</SimpleField>
				<SimpleField type="string" name="SYMBOLCODE">
				</SimpleField>
				<SimpleField type="string" name="TYPE_ID">
				</SimpleField>
				<SimpleField type="string" name="ENT_TYPE">
				</SimpleField>
				<SimpleField type="float" name="PXCIRCLE">
				</SimpleField>
			</Schema>
			<StyleMap id="m_ylw-pushpin17">
				<Pair>
					<key>normal</key>
					<styleUrl>#s_ylw-pushpin17</styleUrl>
				</Pair>
				<Pair>
					<key>highlight</key>
					<styleUrl>#s_ylw-pushpin_hl17</styleUrl>
				</Pair>
			</StyleMap>
			<Style id="s_ylw-pushpin17">
				<IconStyle>
					<scale>1.1</scale>
					<Icon>
						<href>http://maps.google.com/mapfiles/kml/pushpin/ylw-pushpin.png</href>
					</Icon>
					<hotSpot x="20" y="2" xunits="pixels" yunits="pixels"/>
				</IconStyle>
				<LineStyle>
					<color>ff0000ff</color>
					<width>1.5</width>
				</LineStyle>
				<PolyStyle>
					<fill>0</fill>
				</PolyStyle>
			</Style>
			<Style id="s_ylw-pushpin_hl17">
				<IconStyle>
					<scale>1.3</scale>
					<Icon>
						<href>http://maps.google.com/mapfiles/kml/pushpin/ylw-pushpin.png</href>
					</Icon>
					<hotSpot x="20" y="2" xunits="pixels" yunits="pixels"/>
				</IconStyle>
				<LineStyle>
					<color>ff0000ff</color>
					<width>1.5</width>
				</LineStyle>
				<PolyStyle>
					<fill>0</fill>
				</PolyStyle>
			</Style>
			<Folder>
				<name>Number_Two</name>
				<Placemark>
					<styleUrl>#m_ylw-pushpin17</styleUrl>
					<ExtendedData>
						<SchemaData schemaUrl="#Number_Two">
							<SimpleData name="PXSYMBOL">11/11/2013 02:59:39:859 PM</SimpleData>
							<SimpleData name="TEXT">Number Two</SimpleData>
							<SimpleData name="PX_AREA">198.27000</SimpleData>
							<SimpleData name="_PX_AREA">198.27000</SimpleData>
							<SimpleData name="AREAUNIT">ha</SimpleData>
							<SimpleData name="PX_PERIM">5506.39000</SimpleData>
							<SimpleData name="_PX_PERIM">5506.39000</SimpleData>
							<SimpleData name="PERIMUNIT">m</SimpleData>
							<SimpleData name="ENT_ID">0.0000</SimpleData>
							<SimpleData name="SEASON_ID">0.0000</SimpleData>
							<SimpleData name="SIDEKICK">N</SimpleData>
							<SimpleData name="BUF_DIST">0.00000</SimpleData>
							<SimpleData name="ZOOMFONTSZ">252136.37498</SimpleData>
							<SimpleData name="ZOOMSYMSZ">884686.11002</SimpleData>
							<SimpleData name="ZOOMSYMGAP">884686.11002</SimpleData>
							<SimpleData name="ZOOMOUTSZ">294895.37001</SimpleData>
							<SimpleData name="ZOOMOUTSG">0.00000</SimpleData>
							<SimpleData name="PXCIRCLE">0.0000</SimpleData>
						</SchemaData>
					</ExtendedData>
					<Polygon>
						<outerBoundaryIs>
							<LinearRing>
								<coordinates>
									150.2948808088161,-31.79009947326991,0 150.2961505355533,-31.78565378507463,0 150.3001427607226,-31.78342095974568,0 150.3135112146726,-31.78476805979594,0 150.3124582637547,-31.79561211246677,0 150.3065079179958,-31.79508950403475,0 150.2962254078676,-31.79468194471548,0 150.2961541215595,-31.79422954947488,0 150.2948808088161,-31.79009947326991,0 
								</coordinates>
							</LinearRing>
						</outerBoundaryIs>
					</Polygon>
				</Placemark>
			</Folder>
		</Document>
		<Document>
			<name>Parents.kml</name>
			<Schema name="Parents" id="Parents">
				<SimpleField type="string" name="PXSYMBOL">
				</SimpleField>
				<SimpleField type="string" name="TEXT">
				</SimpleField>
				<SimpleField type="float" name="PX_AREA">
				</SimpleField>
				<SimpleField type="float" name="_PX_AREA">
				</SimpleField>
				<SimpleField type="string" name="AREAUNIT">
				</SimpleField>
				<SimpleField type="float" name="PX_PERIM">
				</SimpleField>
				<SimpleField type="float" name="_PX_PERIM">
				</SimpleField>
				<SimpleField type="string" name="PERIMUNIT">
				</SimpleField>
				<SimpleField type="float" name="ENT_ID">
				</SimpleField>
				<SimpleField type="float" name="SEASON_ID">
				</SimpleField>
				<SimpleField type="string" name="SIDEKICK">
				</SimpleField>
				<SimpleField type="float" name="BUF_DIST">
				</SimpleField>
				<SimpleField type="string" name="PARENT_SHP">
				</SimpleField>
				<SimpleField type="float" name="ZOOMFONTSZ">
				</SimpleField>
				<SimpleField type="float" name="ZOOMSYMSZ">
				</SimpleField>
				<SimpleField type="float" name="ZOOMSYMGAP">
				</SimpleField>
				<SimpleField type="float" name="ZOOMOUTSZ">
				</SimpleField>
				<SimpleField type="float" name="ZOOMOUTSG">
				</SimpleField>
				<SimpleField type="string" name="SYMBOL">
				</SimpleField>
				<SimpleField type="string" name="SYMBOLCODE">
				</SimpleField>
				<SimpleField type="string" name="TYPE_ID">
				</SimpleField>
				<SimpleField type="string" name="ENT_TYPE">
				</SimpleField>
				<SimpleField type="float" name="PXCIRCLE">
				</SimpleField>
			</Schema>
			<StyleMap id="m_ylw-pushpin18">
				<Pair>
					<key>normal</key>
					<styleUrl>#s_ylw-pushpin18</styleUrl>
				</Pair>
				<Pair>
					<key>highlight</key>
					<styleUrl>#s_ylw-pushpin_hl18</styleUrl>
				</Pair>
			</StyleMap>
			<Style id="s_ylw-pushpin18">
				<IconStyle>
					<scale>1.1</scale>
					<Icon>
						<href>http://maps.google.com/mapfiles/kml/pushpin/ylw-pushpin.png</href>
					</Icon>
					<hotSpot x="20" y="2" xunits="pixels" yunits="pixels"/>
				</IconStyle>
				<LineStyle>
					<color>ff0000ff</color>
					<width>1.5</width>
				</LineStyle>
				<PolyStyle>
					<fill>0</fill>
				</PolyStyle>
			</Style>
			<Style id="s_ylw-pushpin_hl18">
				<IconStyle>
					<scale>1.3</scale>
					<Icon>
						<href>http://maps.google.com/mapfiles/kml/pushpin/ylw-pushpin.png</href>
					</Icon>
					<hotSpot x="20" y="2" xunits="pixels" yunits="pixels"/>
				</IconStyle>
				<LineStyle>
					<color>ff0000ff</color>
					<width>1.5</width>
				</LineStyle>
				<PolyStyle>
					<fill>0</fill>
				</PolyStyle>
			</Style>
			<Folder>
				<name>Parents</name>
				<Placemark>
					<styleUrl>#m_ylw-pushpin18</styleUrl>
					<ExtendedData>
						<SchemaData schemaUrl="#Parents">
							<SimpleData name="PXSYMBOL">16/11/2013 07:48:09:850 AM</SimpleData>
							<SimpleData name="TEXT">Parents</SimpleData>
							<SimpleData name="PX_AREA">13.56000</SimpleData>
							<SimpleData name="_PX_AREA">13.56000</SimpleData>
							<SimpleData name="AREAUNIT">ha</SimpleData>
							<SimpleData name="PX_PERIM">1648.14000</SimpleData>
							<SimpleData name="_PX_PERIM">1648.14000</SimpleData>
							<SimpleData name="PERIMUNIT">m</SimpleData>
							<SimpleData name="ENT_ID">0.0000</SimpleData>
							<SimpleData name="SEASON_ID">0.0000</SimpleData>
							<SimpleData name="SIDEKICK">N</SimpleData>
							<SimpleData name="BUF_DIST">0.00000</SimpleData>
							<SimpleData name="ZOOMFONTSZ">252460.76601</SimpleData>
							<SimpleData name="ZOOMSYMSZ">403373.62900</SimpleData>
							<SimpleData name="ZOOMSYMGAP">403373.62900</SimpleData>
							<SimpleData name="ZOOMOUTSZ">134457.87633</SimpleData>
							<SimpleData name="ZOOMOUTSG">0.00000</SimpleData>
							<SimpleData name="PXCIRCLE">0.0000</SimpleData>
						</SchemaData>
					</ExtendedData>
					<Polygon>
						<outerBoundaryIs>
							<LinearRing>
								<coordinates>
									150.2935682272921,-31.77246918221353,0 150.2910722764577,-31.77227180234977,0 150.290645841906,-31.77241602505136,0 150.2906239202857,-31.77208190675588,0 150.2899266265583,-31.77210313207023,0 150.2871328904222,-31.77211504891959,0 150.2881911692668,-31.76942885043114,0 150.2887000772994,-31.76928155167134,0 150.2910801652206,-31.76946749190828,0 150.2935682272921,-31.77246918221353,0 
								</coordinates>
							</LinearRing>
						</outerBoundaryIs>
					</Polygon>
				</Placemark>
			</Folder>
		</Document>
		<Document>
			<name>Point.kml</name>
			<Schema name="Point" id="Point">
				<SimpleField type="string" name="PXSYMBOL">
				</SimpleField>
				<SimpleField type="string" name="TEXT">
				</SimpleField>
				<SimpleField type="float" name="PX_AREA">
				</SimpleField>
				<SimpleField type="float" name="_PX_AREA">
				</SimpleField>
				<SimpleField type="string" name="AREAUNIT">
				</SimpleField>
				<SimpleField type="float" name="PX_PERIM">
				</SimpleField>
				<SimpleField type="float" name="_PX_PERIM">
				</SimpleField>
				<SimpleField type="string" name="PERIMUNIT">
				</SimpleField>
				<SimpleField type="float" name="ENT_ID">
				</SimpleField>
				<SimpleField type="float" name="SEASON_ID">
				</SimpleField>
				<SimpleField type="string" name="SIDEKICK">
				</SimpleField>
				<SimpleField type="float" name="BUF_DIST">
				</SimpleField>
				<SimpleField type="string" name="PARENT_SHP">
				</SimpleField>
				<SimpleField type="float" name="ZOOMFONTSZ">
				</SimpleField>
				<SimpleField type="float" name="ZOOMSYMSZ">
				</SimpleField>
				<SimpleField type="float" name="ZOOMSYMGAP">
				</SimpleField>
				<SimpleField type="float" name="ZOOMOUTSZ">
				</SimpleField>
				<SimpleField type="float" name="ZOOMOUTSG">
				</SimpleField>
				<SimpleField type="string" name="SYMBOL">
				</SimpleField>
				<SimpleField type="string" name="SYMBOLCODE">
				</SimpleField>
				<SimpleField type="string" name="TYPE_ID">
				</SimpleField>
				<SimpleField type="string" name="ENT_TYPE">
				</SimpleField>
				<SimpleField type="float" name="PXCIRCLE">
				</SimpleField>
			</Schema>
			<StyleMap id="m_ylw-pushpin19">
				<Pair>
					<key>normal</key>
					<styleUrl>#s_ylw-pushpin19</styleUrl>
				</Pair>
				<Pair>
					<key>highlight</key>
					<styleUrl>#s_ylw-pushpin_hl19</styleUrl>
				</Pair>
			</StyleMap>
			<Style id="s_ylw-pushpin19">
				<IconStyle>
					<scale>1.1</scale>
					<Icon>
						<href>http://maps.google.com/mapfiles/kml/pushpin/ylw-pushpin.png</href>
					</Icon>
					<hotSpot x="20" y="2" xunits="pixels" yunits="pixels"/>
				</IconStyle>
				<LineStyle>
					<color>ff0000ff</color>
					<width>1.5</width>
				</LineStyle>
				<PolyStyle>
					<fill>0</fill>
				</PolyStyle>
			</Style>
			<Style id="s_ylw-pushpin_hl19">
				<IconStyle>
					<scale>1.3</scale>
					<Icon>
						<href>http://maps.google.com/mapfiles/kml/pushpin/ylw-pushpin.png</href>
					</Icon>
					<hotSpot x="20" y="2" xunits="pixels" yunits="pixels"/>
				</IconStyle>
				<LineStyle>
					<color>ff0000ff</color>
					<width>1.5</width>
				</LineStyle>
				<PolyStyle>
					<fill>0</fill>
				</PolyStyle>
			</Style>
			<Folder>
				<name>Point</name>
				<open>1</open>
				<Placemark>
					<styleUrl>#m_ylw-pushpin19</styleUrl>
					<ExtendedData>
						<SchemaData schemaUrl="#Point">
							<SimpleData name="PXSYMBOL">14/01/2014 03:59:38:146 PM</SimpleData>
							<SimpleData name="TEXT">Point</SimpleData>
							<SimpleData name="PX_AREA">139.46000</SimpleData>
							<SimpleData name="_PX_AREA">139.46000</SimpleData>
							<SimpleData name="AREAUNIT">ha</SimpleData>
							<SimpleData name="PX_PERIM">4718.94000</SimpleData>
							<SimpleData name="_PX_PERIM">4718.94000</SimpleData>
							<SimpleData name="PERIMUNIT">m</SimpleData>
							<SimpleData name="ENT_ID">0.0000</SimpleData>
							<SimpleData name="SEASON_ID">0.0000</SimpleData>
							<SimpleData name="SIDEKICK">N</SimpleData>
							<SimpleData name="BUF_DIST">0.00000</SimpleData>
							<SimpleData name="ZOOMFONTSZ">252460.76601</SimpleData>
							<SimpleData name="ZOOMSYMSZ">1084166.73027</SimpleData>
							<SimpleData name="ZOOMSYMGAP">1084166.73027</SimpleData>
							<SimpleData name="ZOOMOUTSZ">361388.91009</SimpleData>
							<SimpleData name="ZOOMOUTSG">0.00000</SimpleData>
							<SimpleData name="PXCIRCLE">0.0000</SimpleData>
						</SchemaData>
					</ExtendedData>
					<Polygon>
						<outerBoundaryIs>
							<LinearRing>
								<coordinates>
									150.2655352792162,-31.76842530808474,0 150.2570902504019,-31.76702633037729,0 150.2534410639378,-31.76609837782642,0 150.2549944970062,-31.76232383070151,0 150.256950502374,-31.7602380032316,0 150.2599575233191,-31.75505778071401,0 150.2632104173076,-31.75537258262726,0 150.2687077655337,-31.75735229230384,0 150.2673332548706,-31.76327880504491,0 150.267175404404,-31.76433951645468,0 150.2658904287434,-31.76568258908486,0 150.2655352792162,-31.76842530808474,0 
								</coordinates>
							</LinearRing>
						</outerBoundaryIs>
					</Polygon>
				</Placemark>
			</Folder>
		</Document>
		<Document>
			<name>Ridge.kml</name>
			<Schema name="Ridge" id="Ridge">
				<SimpleField type="string" name="PXSYMBOL">
				</SimpleField>
				<SimpleField type="string" name="TEXT">
				</SimpleField>
				<SimpleField type="float" name="PX_AREA">
				</SimpleField>
				<SimpleField type="float" name="_PX_AREA">
				</SimpleField>
				<SimpleField type="string" name="AREAUNIT">
				</SimpleField>
				<SimpleField type="float" name="PX_PERIM">
				</SimpleField>
				<SimpleField type="float" name="_PX_PERIM">
				</SimpleField>
				<SimpleField type="string" name="PERIMUNIT">
				</SimpleField>
				<SimpleField type="float" name="ENT_ID">
				</SimpleField>
				<SimpleField type="float" name="SEASON_ID">
				</SimpleField>
				<SimpleField type="string" name="SIDEKICK">
				</SimpleField>
				<SimpleField type="float" name="BUF_DIST">
				</SimpleField>
				<SimpleField type="string" name="PARENT_SHP">
				</SimpleField>
				<SimpleField type="float" name="ZOOMFONTSZ">
				</SimpleField>
				<SimpleField type="float" name="ZOOMSYMSZ">
				</SimpleField>
				<SimpleField type="float" name="ZOOMSYMGAP">
				</SimpleField>
				<SimpleField type="float" name="ZOOMOUTSZ">
				</SimpleField>
				<SimpleField type="float" name="ZOOMOUTSG">
				</SimpleField>
				<SimpleField type="string" name="SYMBOL">
				</SimpleField>
				<SimpleField type="string" name="SYMBOLCODE">
				</SimpleField>
				<SimpleField type="string" name="TYPE_ID">
				</SimpleField>
				<SimpleField type="string" name="ENT_TYPE">
				</SimpleField>
				<SimpleField type="float" name="PXCIRCLE">
				</SimpleField>
			</Schema>
			<StyleMap id="m_ylw-pushpin23">
				<Pair>
					<key>normal</key>
					<styleUrl>#s_ylw-pushpin23</styleUrl>
				</Pair>
				<Pair>
					<key>highlight</key>
					<styleUrl>#s_ylw-pushpin_hl23</styleUrl>
				</Pair>
			</StyleMap>
			<Style id="s_ylw-pushpin23">
				<IconStyle>
					<scale>1.1</scale>
					<Icon>
						<href>http://maps.google.com/mapfiles/kml/pushpin/ylw-pushpin.png</href>
					</Icon>
					<hotSpot x="20" y="2" xunits="pixels" yunits="pixels"/>
				</IconStyle>
				<LineStyle>
					<color>ff0000ff</color>
					<width>1.5</width>
				</LineStyle>
				<PolyStyle>
					<fill>0</fill>
				</PolyStyle>
			</Style>
			<Style id="s_ylw-pushpin_hl23">
				<IconStyle>
					<scale>1.3</scale>
					<Icon>
						<href>http://maps.google.com/mapfiles/kml/pushpin/ylw-pushpin.png</href>
					</Icon>
					<hotSpot x="20" y="2" xunits="pixels" yunits="pixels"/>
				</IconStyle>
				<LineStyle>
					<color>ff0000ff</color>
					<width>1.5</width>
				</LineStyle>
				<PolyStyle>
					<fill>0</fill>
				</PolyStyle>
			</Style>
			<Folder>
				<name>Ridge</name>
				<Placemark>
					<styleUrl>#m_ylw-pushpin23</styleUrl>
					<ExtendedData>
						<SchemaData schemaUrl="#Ridge">
							<SimpleData name="PXSYMBOL">11/11/2013 03:11:57:688 PM</SimpleData>
							<SimpleData name="TEXT">Ridge</SimpleData>
							<SimpleData name="PX_AREA">114.05000</SimpleData>
							<SimpleData name="_PX_AREA">114.05000</SimpleData>
							<SimpleData name="AREAUNIT">ha</SimpleData>
							<SimpleData name="PX_PERIM">4571.98000</SimpleData>
							<SimpleData name="_PX_PERIM">4571.98000</SimpleData>
							<SimpleData name="PERIMUNIT">m</SimpleData>
							<SimpleData name="ENT_ID">0.0000</SimpleData>
							<SimpleData name="SEASON_ID">0.0000</SimpleData>
							<SimpleData name="SIDEKICK">N</SimpleData>
							<SimpleData name="BUF_DIST">0.00000</SimpleData>
							<SimpleData name="ZOOMFONTSZ">252136.37498</SimpleData>
							<SimpleData name="ZOOMSYMSZ">681149.12366</SimpleData>
							<SimpleData name="ZOOMSYMGAP">681149.12366</SimpleData>
							<SimpleData name="ZOOMOUTSZ">227049.70789</SimpleData>
							<SimpleData name="ZOOMOUTSG">0.00000</SimpleData>
							<SimpleData name="PXCIRCLE">0.0000</SimpleData>
						</SchemaData>
					</ExtendedData>
					<Polygon>
						<outerBoundaryIs>
							<LinearRing>
								<coordinates>
									150.2985046045367,-31.77477435629862,0 150.2988479545408,-31.77458325572436,0 150.2991992321167,-31.77448249877771,0 150.2993302804617,-31.77433197973445,0 150.3022485816872,-31.77343808938205,0 150.3042559305816,-31.77374204328824,0 150.3076078827447,-31.77427289525976,0 150.3066687419731,-31.7753532699123,0 150.3135112146726,-31.78476805979594,0 150.3001427607226,-31.78342095974568,0 150.2978501809337,-31.77731245379542,0 150.2975958768908,-31.77698241948966,0 150.2985046045367,-31.77477435629862,0 
								</coordinates>
							</LinearRing>
						</outerBoundaryIs>
					</Polygon>
				</Placemark>
			</Folder>
		</Document>
		<Document>
			<name>Roads.kml</name>
			<Schema name="Roads" id="Roads">
				<SimpleField type="string" name="PXSYMBOL">
				</SimpleField>
				<SimpleField type="string" name="TEXT">
				</SimpleField>
				<SimpleField type="float" name="PX_LENGTH">
				</SimpleField>
				<SimpleField type="float" name="_PX_LENGTH">
				</SimpleField>
				<SimpleField type="string" name="PERIMUNIT">
				</SimpleField>
				<SimpleField type="float" name="ENT_ID">
				</SimpleField>
				<SimpleField type="float" name="SEASON_ID">
				</SimpleField>
				<SimpleField type="string" name="SIDEKICK">
				</SimpleField>
				<SimpleField type="float" name="BUF_DIST">
				</SimpleField>
				<SimpleField type="string" name="PARENT_SHP">
				</SimpleField>
				<SimpleField type="float" name="ZOOMFONTSZ">
				</SimpleField>
				<SimpleField type="float" name="ZOOMSYMSZ">
				</SimpleField>
				<SimpleField type="float" name="ZOOMSYMGAP">
				</SimpleField>
				<SimpleField type="string" name="SYMBOL">
				</SimpleField>
				<SimpleField type="string" name="SYMBOLCODE">
				</SimpleField>
				<SimpleField type="string" name="TYPE_ID">
				</SimpleField>
				<SimpleField type="string" name="ENT_TYPE">
				</SimpleField>
				<SimpleField type="float" name="PXCIRCLE">
				</SimpleField>
			</Schema>
			<StyleMap id="m_ylw-pushpin000">
				<Pair>
					<key>normal</key>
					<styleUrl>#s_ylw-pushpin000</styleUrl>
				</Pair>
				<Pair>
					<key>highlight</key>
					<styleUrl>#s_ylw-pushpin_hl000</styleUrl>
				</Pair>
			</StyleMap>
			<Style id="s_ylw-pushpin000">
				<IconStyle>
					<scale>1.1</scale>
					<Icon>
						<href>http://maps.google.com/mapfiles/kml/pushpin/ylw-pushpin.png</href>
					</Icon>
					<hotSpot x="20" y="2" xunits="pixels" yunits="pixels"/>
				</IconStyle>
				<LineStyle>
					<color>ff00aaff</color>
					<width>2</width>
				</LineStyle>
			</Style>
			<Style id="s_ylw-pushpin_hl000">
				<IconStyle>
					<scale>1.3</scale>
					<Icon>
						<href>http://maps.google.com/mapfiles/kml/pushpin/ylw-pushpin.png</href>
					</Icon>
					<hotSpot x="20" y="2" xunits="pixels" yunits="pixels"/>
				</IconStyle>
				<LineStyle>
					<color>ff00aaff</color>
					<width>2</width>
				</LineStyle>
			</Style>
			<Folder>
				<name>Roads</name>
				<Placemark>
					<styleUrl>#m_ylw-pushpin000</styleUrl>
					<ExtendedData>
						<SchemaData schemaUrl="#Roads">
							<SimpleData name="PXSYMBOL">12/11/2013 08:56:26:752 AM</SimpleData>
							<SimpleData name="PX_LENGTH">1094.66000</SimpleData>
							<SimpleData name="_PX_LENGTH">1094.66000</SimpleData>
							<SimpleData name="PERIMUNIT">m</SimpleData>
							<SimpleData name="ENT_ID">0.0000</SimpleData>
							<SimpleData name="SEASON_ID">0.0000</SimpleData>
							<SimpleData name="SIDEKICK">N</SimpleData>
							<SimpleData name="BUF_DIST">0.00000</SimpleData>
							<SimpleData name="ZOOMFONTSZ">126059.30060</SimpleData>
							<SimpleData name="ZOOMSYMSZ">596601.91744</SimpleData>
							<SimpleData name="ZOOMSYMGAP">0.00000</SimpleData>
							<SimpleData name="PXCIRCLE">0.0000</SimpleData>
						</SchemaData>
					</ExtendedData>
					<LineString>
						<coordinates>
							150.2960053323857,-31.78403969187809,0 150.2957677929424,-31.78463642097374,0 150.2954906247854,-31.78508186307366,0 150.2952981792975,-31.78564193837381,0 150.2947536866708,-31.78619452938048,0 150.2942950081279,-31.78682416455236,0 150.2939694371959,-31.78741901755927,0 150.293554753255,-31.78804958517225,0 150.2931433515468,-31.78856738803506,0 150.2927319451262,-31.78908518927402,0 150.292318341178,-31.78967816417849,0 150.2919487391471,-31.79027207401769,0 150.2917100584612,-31.79090638029712,0 150.2915153821922,-31.79154162269717,0 150.2913669050221,-31.7921026262692,0 150.2912118438804,-31.7928891550749,0 
						</coordinates>
					</LineString>
				</Placemark>
				<Placemark>
					<styleUrl>#m_ylw-pushpin000</styleUrl>
					<ExtendedData>
						<SchemaData schemaUrl="#Roads">
							<SimpleData name="PXSYMBOL">12/11/2013 09:00:02:209 AM</SimpleData>
							<SimpleData name="PX_LENGTH">997.79000</SimpleData>
							<SimpleData name="_PX_LENGTH">997.79000</SimpleData>
							<SimpleData name="PERIMUNIT">m</SimpleData>
							<SimpleData name="ENT_ID">0.0000</SimpleData>
							<SimpleData name="SEASON_ID">0.0000</SimpleData>
							<SimpleData name="SIDEKICK">N</SimpleData>
							<SimpleData name="BUF_DIST">0.00000</SimpleData>
							<SimpleData name="ZOOMFONTSZ">126059.30060</SimpleData>
							<SimpleData name="ZOOMSYMSZ">596601.73771</SimpleData>
							<SimpleData name="ZOOMSYMGAP">0.00000</SimpleData>
							<SimpleData name="PXCIRCLE">0.0000</SimpleData>
						</SchemaData>
					</ExtendedData>
					<LineString>
						<coordinates>
							150.2912834064833,-31.79345484280027,0 150.2916586463271,-31.79417743894296,0 150.2919491628403,-31.79478539797705,0 150.2920163434503,-31.79550143587343,0 150.2918634736276,-31.7962127899055,0 150.2918459234029,-31.7968141913401,0 150.2918679957307,-31.79756687988363,0 150.2918482506834,-31.79824345635156,0 150.2919165279506,-31.79892190647417,0 150.2921157443808,-31.7996407546059,0 150.2921422055729,-31.80024309266019,0 150.2922952195633,-31.80103617894637,0 150.2922325590943,-31.80167423090382,0 150.2920829682638,-31.80227282142272,0 
						</coordinates>
					</LineString>
				</Placemark>
				<Placemark>
					<styleUrl>#m_ylw-pushpin000</styleUrl>
					<ExtendedData>
						<SchemaData schemaUrl="#Roads">
							<SimpleData name="PXSYMBOL">12/11/2013 09:08:04:345 AM</SimpleData>
							<SimpleData name="PX_LENGTH">1198.41000</SimpleData>
							<SimpleData name="_PX_LENGTH">1198.41000</SimpleData>
							<SimpleData name="PERIMUNIT">m</SimpleData>
							<SimpleData name="ENT_ID">0.0000</SimpleData>
							<SimpleData name="SEASON_ID">0.0000</SimpleData>
							<SimpleData name="SIDEKICK">N</SimpleData>
							<SimpleData name="BUF_DIST">0.00000</SimpleData>
							<SimpleData name="ZOOMFONTSZ">126081.97613</SimpleData>
							<SimpleData name="ZOOMSYMSZ">542365.06247</SimpleData>
							<SimpleData name="ZOOMSYMGAP">0.00000</SimpleData>
							<SimpleData name="PXCIRCLE">0.0000</SimpleData>
						</SchemaData>
					</ExtendedData>
					<LineString>
						<coordinates>
							150.2987740009782,-31.77366107631067,0 150.2984913665088,-31.7742945817196,0 150.2980799840586,-31.77481249951085,0 150.2975762045575,-31.77547892540366,0 150.2972506408774,-31.77607389802309,0 150.2971022030846,-31.77663501361234,0 150.2970374051657,-31.77734837675237,0 150.2969285961366,-31.77806080499781,0 150.2967746806579,-31.7788098927815,0 150.2966240455417,-31.77944619638469,0 150.2966054399681,-31.78008530442905,0 150.2964966228424,-31.78079773167041,0 150.2963470762043,-31.78139643990989,0 150.2962844557551,-31.78203461255023,0 150.2962658459709,-31.78267372015529,0 150.2961162939193,-31.78327242771605,0 150.2960053323857,-31.78403969187809,0 
						</coordinates>
					</LineString>
				</Placemark>
				<Placemark>
					<styleUrl>#m_ylw-pushpin000</styleUrl>
					<ExtendedData>
						<SchemaData schemaUrl="#Roads">
							<SimpleData name="PXSYMBOL">04/12/2013 01:56:14:554 PM</SimpleData>
							<SimpleData name="PX_LENGTH">770.69000</SimpleData>
							<SimpleData name="_PX_LENGTH">770.69000</SimpleData>
							<SimpleData name="PERIMUNIT">m</SimpleData>
							<SimpleData name="ENT_ID">0.0000</SimpleData>
							<SimpleData name="SEASON_ID">0.0000</SimpleData>
							<SimpleData name="SIDEKICK">N</SimpleData>
							<SimpleData name="BUF_DIST">0.00000</SimpleData>
							<SimpleData name="ZOOMFONTSZ">31510.72630</SimpleData>
							<SimpleData name="ZOOMSYMSZ">0.00000</SimpleData>
							<SimpleData name="ZOOMSYMGAP">0.00000</SimpleData>
							<SimpleData name="PXCIRCLE">0.0000</SimpleData>
						</SchemaData>
					</ExtendedData>
					<LineString>
						<coordinates>
							150.2926233952176,-31.80156263879982,0 150.2936751784517,-31.80173544244885,0 150.2941587086746,-31.80176453103344,0 150.2952534096518,-31.80197584064262,0 150.2982333232787,-31.80247163254512,0 150.298561739031,-31.80253501614816,0 150.2989061412997,-31.80280557169858,0 150.2994843847317,-31.80336313619724,0 150.2999768058737,-31.80384366457295,0 
						</coordinates>
					</LineString>
				</Placemark>
				<Placemark>
					<styleUrl>#m_ylw-pushpin000</styleUrl>
					<ExtendedData>
						<SchemaData schemaUrl="#Roads">
							<SimpleData name="PXSYMBOL">03/01/2014 03:28:41:045 PM</SimpleData>
							<SimpleData name="PX_LENGTH">1304.40000</SimpleData>
							<SimpleData name="_PX_LENGTH">1304.40000</SimpleData>
							<SimpleData name="PERIMUNIT">m</SimpleData>
							<SimpleData name="ENT_ID">0.0000</SimpleData>
							<SimpleData name="SEASON_ID">0.0000</SimpleData>
							<SimpleData name="SIDEKICK">N</SimpleData>
							<SimpleData name="BUF_DIST">0.00000</SimpleData>
							<SimpleData name="ZOOMFONTSZ">31550.64530</SimpleData>
							<SimpleData name="ZOOMSYMSZ">0.00000</SimpleData>
							<SimpleData name="ZOOMSYMGAP">0.00000</SimpleData>
							<SimpleData name="PXCIRCLE">0.0000</SimpleData>
						</SchemaData>
					</ExtendedData>
					<LineString>
						<coordinates>
							150.2987740009782,-31.77366107631067,0 150.298395897614,-31.77368679375448,0 150.2920615201959,-31.77325094983691,0 150.2912482529063,-31.77317716342262,0 150.2880718136469,-31.77403203910416,0 150.2876929965434,-31.77417458189852,0 150.2865696920416,-31.77339756341563,0 150.285560958399,-31.77322543897488,0 
						</coordinates>
					</LineString>
				</Placemark>
				<Placemark>
					<styleUrl>#m_ylw-pushpin000</styleUrl>
					<ExtendedData>
						<SchemaData schemaUrl="#Roads">
							<SimpleData name="PXSYMBOL">03/01/2014 03:34:19:461 PM</SimpleData>
							<SimpleData name="PX_LENGTH">776.87000</SimpleData>
							<SimpleData name="_PX_LENGTH">776.87000</SimpleData>
							<SimpleData name="PERIMUNIT">m</SimpleData>
							<SimpleData name="ENT_ID">0.0000</SimpleData>
							<SimpleData name="SEASON_ID">0.0000</SimpleData>
							<SimpleData name="SIDEKICK">N</SimpleData>
							<SimpleData name="BUF_DIST">0.00000</SimpleData>
							<SimpleData name="ZOOMFONTSZ">31550.64530</SimpleData>
							<SimpleData name="ZOOMSYMSZ">0.00000</SimpleData>
							<SimpleData name="ZOOMSYMGAP">0.00000</SimpleData>
							<SimpleData name="PXCIRCLE">0.0000</SimpleData>
						</SchemaData>
					</ExtendedData>
					<LineString>
						<coordinates>
							150.2995910357527,-31.76668969440751,0 150.2987740009782,-31.77366107631067,0 
						</coordinates>
					</LineString>
				</Placemark>
				<Placemark>
					<styleUrl>#m_ylw-pushpin000</styleUrl>
					<ExtendedData>
						<SchemaData schemaUrl="#Roads">
							<SimpleData name="PXSYMBOL">03/01/2014 03:35:30:621 PM</SimpleData>
							<SimpleData name="PX_LENGTH">724.15000</SimpleData>
							<SimpleData name="_PX_LENGTH">724.15000</SimpleData>
							<SimpleData name="PERIMUNIT">m</SimpleData>
							<SimpleData name="ENT_ID">0.0000</SimpleData>
							<SimpleData name="SEASON_ID">0.0000</SimpleData>
							<SimpleData name="SIDEKICK">N</SimpleData>
							<SimpleData name="BUF_DIST">0.00000</SimpleData>
							<SimpleData name="ZOOMFONTSZ">31552.94359</SimpleData>
							<SimpleData name="ZOOMSYMSZ">0.00000</SimpleData>
							<SimpleData name="ZOOMSYMGAP">0.00000</SimpleData>
							<SimpleData name="PXCIRCLE">0.0000</SimpleData>
						</SchemaData>
					</ExtendedData>
					<LineString>
						<coordinates>
							150.2995910357527,-31.76668969440751,0 150.3003114417337,-31.76018800588019,0 
						</coordinates>
					</LineString>
				</Placemark>
				<Placemark>
					<styleUrl>#m_ylw-pushpin000</styleUrl>
					<ExtendedData>
						<SchemaData schemaUrl="#Roads">
							<SimpleData name="PXSYMBOL">03/01/2014 03:38:25:713 PM</SimpleData>
							<SimpleData name="PX_LENGTH">786.82000</SimpleData>
							<SimpleData name="_PX_LENGTH">786.82000</SimpleData>
							<SimpleData name="PERIMUNIT">m</SimpleData>
							<SimpleData name="ENT_ID">0.0000</SimpleData>
							<SimpleData name="SEASON_ID">0.0000</SimpleData>
							<SimpleData name="SIDEKICK">N</SimpleData>
							<SimpleData name="BUF_DIST">0.00000</SimpleData>
							<SimpleData name="ZOOMFONTSZ">31554.25858</SimpleData>
							<SimpleData name="ZOOMSYMSZ">0.00000</SimpleData>
							<SimpleData name="ZOOMSYMGAP">0.00000</SimpleData>
							<SimpleData name="PXCIRCLE">0.0000</SimpleData>
						</SchemaData>
					</ExtendedData>
					<LineString>
						<coordinates>
							150.3003114417337,-31.76018800588019,0 150.3005306054673,-31.75714518205359,0 150.3005658019929,-31.75441568727185,0 150.3006260764723,-31.75309891744233,0 
						</coordinates>
					</LineString>
				</Placemark>
				<Placemark>
					<styleUrl>#m_ylw-pushpin000</styleUrl>
					<ExtendedData>
						<SchemaData schemaUrl="#Roads">
							<SimpleData name="PXSYMBOL">03/01/2014 03:39:48:931 PM</SimpleData>
							<SimpleData name="PX_LENGTH">1757.28000</SimpleData>
							<SimpleData name="_PX_LENGTH">1757.28000</SimpleData>
							<SimpleData name="PERIMUNIT">m</SimpleData>
							<SimpleData name="ENT_ID">0.0000</SimpleData>
							<SimpleData name="SEASON_ID">0.0000</SimpleData>
							<SimpleData name="SIDEKICK">N</SimpleData>
							<SimpleData name="BUF_DIST">0.00000</SimpleData>
							<SimpleData name="ZOOMFONTSZ">31554.91508</SimpleData>
							<SimpleData name="ZOOMSYMSZ">0.00000</SimpleData>
							<SimpleData name="ZOOMSYMGAP">0.00000</SimpleData>
							<SimpleData name="PXCIRCLE">0.0000</SimpleData>
						</SchemaData>
					</ExtendedData>
					<LineString>
						<coordinates>
							150.3006260764723,-31.75309891744233,0 150.2823496166956,-31.75040175076354,0 
						</coordinates>
					</LineString>
				</Placemark>
				<Placemark>
					<styleUrl>#m_ylw-pushpin000</styleUrl>
					<ExtendedData>
						<SchemaData schemaUrl="#Roads">
							<SimpleData name="PXSYMBOL">03/01/2014 03:40:32:775 PM</SimpleData>
							<SimpleData name="PX_LENGTH">341.96000</SimpleData>
							<SimpleData name="_PX_LENGTH">341.96000</SimpleData>
							<SimpleData name="PERIMUNIT">m</SimpleData>
							<SimpleData name="ENT_ID">0.0000</SimpleData>
							<SimpleData name="SEASON_ID">0.0000</SimpleData>
							<SimpleData name="SIDEKICK">N</SimpleData>
							<SimpleData name="BUF_DIST">0.00000</SimpleData>
							<SimpleData name="ZOOMFONTSZ">31554.91508</SimpleData>
							<SimpleData name="ZOOMSYMSZ">0.00000</SimpleData>
							<SimpleData name="ZOOMSYMGAP">0.00000</SimpleData>
							<SimpleData name="PXCIRCLE">0.0000</SimpleData>
						</SchemaData>
					</ExtendedData>
					<LineString>
						<coordinates>
							150.3006260764723,-31.75309891744233,0 150.3014181903637,-31.75317985044905,0 150.3019665835443,-31.75326679085212,0 150.3026906172686,-31.75337627960129,0 150.3031949667866,-31.75346228170044,0 150.3036321559889,-31.75358451874983,0 150.3040875494399,-31.7538389470432,0 
						</coordinates>
					</LineString>
				</Placemark>
				<Placemark>
					<styleUrl>#m_ylw-pushpin000</styleUrl>
					<ExtendedData>
						<SchemaData schemaUrl="#Roads">
							<SimpleData name="PXSYMBOL">03/01/2014 03:45:25:610 PM</SimpleData>
							<SimpleData name="PX_LENGTH">993.38000</SimpleData>
							<SimpleData name="_PX_LENGTH">993.38000</SimpleData>
							<SimpleData name="PERIMUNIT">m</SimpleData>
							<SimpleData name="ENT_ID">0.0000</SimpleData>
							<SimpleData name="SEASON_ID">0.0000</SimpleData>
							<SimpleData name="SIDEKICK">N</SimpleData>
							<SimpleData name="BUF_DIST">0.00000</SimpleData>
							<SimpleData name="ZOOMFONTSZ">31557.52951</SimpleData>
							<SimpleData name="ZOOMSYMSZ">0.00000</SimpleData>
							<SimpleData name="ZOOMSYMGAP">0.00000</SimpleData>
							<SimpleData name="PXCIRCLE">0.0000</SimpleData>
						</SchemaData>
					</ExtendedData>
					<LineString>
						<coordinates>
							150.2720137647816,-31.74889985081087,0 150.2823496166956,-31.75040175076354,0 
						</coordinates>
					</LineString>
				</Placemark>
				<Placemark>
					<styleUrl>#m_ylw-pushpin000</styleUrl>
					<ExtendedData>
						<SchemaData schemaUrl="#Roads">
							<SimpleData name="PXSYMBOL">03/01/2014 03:46:34:794 PM</SimpleData>
							<SimpleData name="PX_LENGTH">1740.18000</SimpleData>
							<SimpleData name="_PX_LENGTH">1740.18000</SimpleData>
							<SimpleData name="PERIMUNIT">m</SimpleData>
							<SimpleData name="ENT_ID">0.0000</SimpleData>
							<SimpleData name="SEASON_ID">0.0000</SimpleData>
							<SimpleData name="SIDEKICK">N</SimpleData>
							<SimpleData name="BUF_DIST">0.00000</SimpleData>
							<SimpleData name="ZOOMFONTSZ">31560.14541</SimpleData>
							<SimpleData name="ZOOMSYMSZ">0.00000</SimpleData>
							<SimpleData name="ZOOMSYMGAP">0.00000</SimpleData>
							<SimpleData name="PXCIRCLE">0.0000</SimpleData>
						</SchemaData>
					</ExtendedData>
					<LineString>
						<coordinates>
							150.2720137647816,-31.74889985081087,0 150.2623585290085,-31.74748708888753,0 150.2618310350619,-31.74743808098716,0 150.2611262324968,-31.74742292275426,0 150.2598845093264,-31.74767869924246,0 150.2589257779452,-31.7480535523912,0 150.2552049497919,-31.75091130724359,0 
						</coordinates>
					</LineString>
				</Placemark>
				<Placemark>
					<styleUrl>#m_ylw-pushpin000</styleUrl>
					<ExtendedData>
						<SchemaData schemaUrl="#Roads">
							<SimpleData name="PXSYMBOL">03/01/2014 03:47:46:434 PM</SimpleData>
							<SimpleData name="PX_LENGTH">817.85000</SimpleData>
							<SimpleData name="_PX_LENGTH">817.85000</SimpleData>
							<SimpleData name="PERIMUNIT">m</SimpleData>
							<SimpleData name="ENT_ID">0.0000</SimpleData>
							<SimpleData name="SEASON_ID">0.0000</SimpleData>
							<SimpleData name="SIDEKICK">N</SimpleData>
							<SimpleData name="BUF_DIST">0.00000</SimpleData>
							<SimpleData name="ZOOMFONTSZ">31561.12333</SimpleData>
							<SimpleData name="ZOOMSYMSZ">0.00000</SimpleData>
							<SimpleData name="ZOOMSYMGAP">0.00000</SimpleData>
							<SimpleData name="PXCIRCLE">0.0000</SimpleData>
						</SchemaData>
					</ExtendedData>
					<LineString>
						<coordinates>
							150.2552049497919,-31.75091130724359,0 150.2526105349456,-31.75292698952601,0 150.2519021063937,-31.75377803179345,0 150.2512580766114,-31.75468695980923,0 150.2508426588815,-31.75531832166035,0 150.2505710923027,-31.75555728983355,0 150.2502401234722,-31.75556897510838,0 150.2496922214973,-31.75546297372161,0 150.2491641202637,-31.75543273090954,0 
						</coordinates>
					</LineString>
				</Placemark>
				<Placemark>
					<styleUrl>#m_ylw-pushpin000</styleUrl>
					<ExtendedData>
						<SchemaData schemaUrl="#Roads">
							<SimpleData name="PXSYMBOL">03/01/2014 03:50:37:054 PM</SimpleData>
							<SimpleData name="PX_LENGTH">851.43000</SimpleData>
							<SimpleData name="_PX_LENGTH">851.43000</SimpleData>
							<SimpleData name="PERIMUNIT">m</SimpleData>
							<SimpleData name="ENT_ID">0.0000</SimpleData>
							<SimpleData name="SEASON_ID">0.0000</SimpleData>
							<SimpleData name="SIDEKICK">N</SimpleData>
							<SimpleData name="BUF_DIST">0.00000</SimpleData>
							<SimpleData name="ZOOMFONTSZ">31558.82395</SimpleData>
							<SimpleData name="ZOOMSYMSZ">0.00000</SimpleData>
							<SimpleData name="ZOOMSYMGAP">0.00000</SimpleData>
							<SimpleData name="PXCIRCLE">0.0000</SimpleData>
						</SchemaData>
					</ExtendedData>
					<LineString>
						<coordinates>
							150.2487153636796,-31.75570552469716,0 150.2485098772756,-31.755945911554,0 150.2481926149798,-31.75772817944736,0 150.2480969963513,-31.75872425581575,0 150.2479955096036,-31.75917405131817,0 150.2476252268635,-31.75976869851489,0 150.2472027222142,-31.76064463706394,0 150.2464816636777,-31.7611751839906,0 150.2463634868056,-31.76145508641327,0 150.2455100064201,-31.76124830342258,0 150.2447995597119,-31.76142124718247,0 
						</coordinates>
					</LineString>
				</Placemark>
				<Placemark>
					<styleUrl>#m_ylw-pushpin000</styleUrl>
					<ExtendedData>
						<SchemaData schemaUrl="#Roads">
							<SimpleData name="PXSYMBOL">03/01/2014 03:50:52:367 PM</SimpleData>
							<SimpleData name="PX_LENGTH">52.18000</SimpleData>
							<SimpleData name="_PX_LENGTH">52.18000</SimpleData>
							<SimpleData name="PERIMUNIT">m</SimpleData>
							<SimpleData name="ENT_ID">0.0000</SimpleData>
							<SimpleData name="SEASON_ID">0.0000</SimpleData>
							<SimpleData name="SIDEKICK">N</SimpleData>
							<SimpleData name="BUF_DIST">0.00000</SimpleData>
							<SimpleData name="ZOOMFONTSZ">31558.82395</SimpleData>
							<SimpleData name="ZOOMSYMSZ">0.00000</SimpleData>
							<SimpleData name="ZOOMSYMGAP">0.00000</SimpleData>
							<SimpleData name="PXCIRCLE">0.0000</SimpleData>
						</SchemaData>
					</ExtendedData>
					<LineString>
						<coordinates>
							150.2487153636796,-31.75570552469716,0 150.2491641202637,-31.75543273090954,0 
						</coordinates>
					</LineString>
				</Placemark>
			</Folder>
		</Document>
		<Document>
			<name>Rockery.kml</name>
			<Schema name="Rockery" id="Rockery">
				<SimpleField type="string" name="PXSYMBOL">
				</SimpleField>
				<SimpleField type="string" name="TEXT">
				</SimpleField>
				<SimpleField type="float" name="PX_AREA">
				</SimpleField>
				<SimpleField type="float" name="_PX_AREA">
				</SimpleField>
				<SimpleField type="string" name="AREAUNIT">
				</SimpleField>
				<SimpleField type="float" name="PX_PERIM">
				</SimpleField>
				<SimpleField type="float" name="_PX_PERIM">
				</SimpleField>
				<SimpleField type="string" name="PERIMUNIT">
				</SimpleField>
				<SimpleField type="float" name="ENT_ID">
				</SimpleField>
				<SimpleField type="float" name="SEASON_ID">
				</SimpleField>
				<SimpleField type="string" name="SIDEKICK">
				</SimpleField>
				<SimpleField type="float" name="BUF_DIST">
				</SimpleField>
				<SimpleField type="string" name="PARENT_SHP">
				</SimpleField>
				<SimpleField type="float" name="ZOOMFONTSZ">
				</SimpleField>
				<SimpleField type="float" name="ZOOMSYMSZ">
				</SimpleField>
				<SimpleField type="float" name="ZOOMSYMGAP">
				</SimpleField>
				<SimpleField type="float" name="ZOOMOUTSZ">
				</SimpleField>
				<SimpleField type="float" name="ZOOMOUTSG">
				</SimpleField>
				<SimpleField type="string" name="SYMBOL">
				</SimpleField>
				<SimpleField type="string" name="SYMBOLCODE">
				</SimpleField>
				<SimpleField type="string" name="TYPE_ID">
				</SimpleField>
				<SimpleField type="string" name="ENT_TYPE">
				</SimpleField>
				<SimpleField type="float" name="PXCIRCLE">
				</SimpleField>
			</Schema>
			<StyleMap id="m_ylw-pushpin24">
				<Pair>
					<key>normal</key>
					<styleUrl>#s_ylw-pushpin24</styleUrl>
				</Pair>
				<Pair>
					<key>highlight</key>
					<styleUrl>#s_ylw-pushpin_hl24</styleUrl>
				</Pair>
			</StyleMap>
			<Style id="s_ylw-pushpin24">
				<IconStyle>
					<scale>1.1</scale>
					<Icon>
						<href>http://maps.google.com/mapfiles/kml/pushpin/ylw-pushpin.png</href>
					</Icon>
					<hotSpot x="20" y="2" xunits="pixels" yunits="pixels"/>
				</IconStyle>
				<LineStyle>
					<color>ff0000ff</color>
					<width>1.5</width>
				</LineStyle>
				<PolyStyle>
					<fill>0</fill>
				</PolyStyle>
			</Style>
			<Style id="s_ylw-pushpin_hl24">
				<IconStyle>
					<scale>1.3</scale>
					<Icon>
						<href>http://maps.google.com/mapfiles/kml/pushpin/ylw-pushpin.png</href>
					</Icon>
					<hotSpot x="20" y="2" xunits="pixels" yunits="pixels"/>
				</IconStyle>
				<LineStyle>
					<color>ff0000ff</color>
					<width>1.5</width>
				</LineStyle>
				<PolyStyle>
					<fill>0</fill>
				</PolyStyle>
			</Style>
			<Folder>
				<name>Rockery</name>
				<open>1</open>
				<Placemark>
					<styleUrl>#m_ylw-pushpin24</styleUrl>
					<ExtendedData>
						<SchemaData schemaUrl="#Rockery">
							<SimpleData name="PXSYMBOL">11/11/2013 04:34:13:727 PM</SimpleData>
							<SimpleData name="TEXT">Rockery</SimpleData>
							<SimpleData name="PX_AREA">114.06000</SimpleData>
							<SimpleData name="_PX_AREA">114.06000</SimpleData>
							<SimpleData name="AREAUNIT">ha</SimpleData>
							<SimpleData name="PX_PERIM">5185.90000</SimpleData>
							<SimpleData name="_PX_PERIM">5185.90000</SimpleData>
							<SimpleData name="PERIMUNIT">m</SimpleData>
							<SimpleData name="ENT_ID">0.0000</SimpleData>
							<SimpleData name="SEASON_ID">0.0000</SimpleData>
							<SimpleData name="SIDEKICK">N</SimpleData>
							<SimpleData name="BUF_DIST">0.00000</SimpleData>
							<SimpleData name="ZOOMFONTSZ">252136.37498</SimpleData>
							<SimpleData name="ZOOMSYMSZ">884675.39428</SimpleData>
							<SimpleData name="ZOOMSYMGAP">884675.39428</SimpleData>
							<SimpleData name="ZOOMOUTSZ">294891.79809</SimpleData>
							<SimpleData name="ZOOMOUTSG">0.00000</SimpleData>
							<SimpleData name="PXCIRCLE">0.0000</SimpleData>
						</SchemaData>
					</ExtendedData>
					<Polygon>
						<outerBoundaryIs>
							<LinearRing>
								<coordinates>
									150.2916963152509,-31.79720071690424,0 150.2913008638726,-31.7970029287211,0 150.2911989075913,-31.79543169769256,0 150.2904248351665,-31.79409864694107,0 150.2892702869845,-31.7940002167814,0 150.2886786918504,-31.79242921727678,0 150.2877615062,-31.78808174291005,0 150.2877448201754,-31.78638827808102,0 150.2877417570779,-31.78349039941016,0 150.29042758323,-31.78243008884135,0 150.2961505355533,-31.78565378507463,0 150.2948808088161,-31.79009947326991,0 150.2961541215595,-31.79422954947488,0 150.2962254078676,-31.79468194471548,0 150.2949178672508,-31.80186822961028,0 150.2920282838481,-31.80138292613919,0 150.2916963152509,-31.79720071690424,0 
								</coordinates>
							</LinearRing>
						</outerBoundaryIs>
					</Polygon>
				</Placemark>
			</Folder>
		</Document>
		<Document>
			<name>Shed.kml</name>
			<Schema name="Shed" id="Shed">
				<SimpleField type="string" name="PXSYMBOL">
				</SimpleField>
				<SimpleField type="string" name="TEXT">
				</SimpleField>
				<SimpleField type="float" name="PX_AREA">
				</SimpleField>
				<SimpleField type="float" name="_PX_AREA">
				</SimpleField>
				<SimpleField type="string" name="AREAUNIT">
				</SimpleField>
				<SimpleField type="float" name="PX_PERIM">
				</SimpleField>
				<SimpleField type="float" name="_PX_PERIM">
				</SimpleField>
				<SimpleField type="string" name="PERIMUNIT">
				</SimpleField>
				<SimpleField type="float" name="ENT_ID">
				</SimpleField>
				<SimpleField type="float" name="SEASON_ID">
				</SimpleField>
				<SimpleField type="string" name="SIDEKICK">
				</SimpleField>
				<SimpleField type="float" name="BUF_DIST">
				</SimpleField>
				<SimpleField type="string" name="PARENT_SHP">
				</SimpleField>
				<SimpleField type="float" name="ZOOMFONTSZ">
				</SimpleField>
				<SimpleField type="float" name="ZOOMSYMSZ">
				</SimpleField>
				<SimpleField type="float" name="ZOOMSYMGAP">
				</SimpleField>
				<SimpleField type="float" name="ZOOMOUTSZ">
				</SimpleField>
				<SimpleField type="float" name="ZOOMOUTSG">
				</SimpleField>
				<SimpleField type="string" name="SYMBOL">
				</SimpleField>
				<SimpleField type="string" name="SYMBOLCODE">
				</SimpleField>
				<SimpleField type="string" name="TYPE_ID">
				</SimpleField>
				<SimpleField type="string" name="ENT_TYPE">
				</SimpleField>
				<SimpleField type="float" name="PXCIRCLE">
				</SimpleField>
			</Schema>
			<StyleMap id="m_ylw-pushpin25">
				<Pair>
					<key>normal</key>
					<styleUrl>#s_ylw-pushpin25</styleUrl>
				</Pair>
				<Pair>
					<key>highlight</key>
					<styleUrl>#s_ylw-pushpin_hl25</styleUrl>
				</Pair>
			</StyleMap>
			<Style id="s_ylw-pushpin25">
				<IconStyle>
					<scale>1.1</scale>
					<Icon>
						<href>http://maps.google.com/mapfiles/kml/pushpin/ylw-pushpin.png</href>
					</Icon>
					<hotSpot x="20" y="2" xunits="pixels" yunits="pixels"/>
				</IconStyle>
				<LineStyle>
					<color>ff0000ff</color>
					<width>1.5</width>
				</LineStyle>
				<PolyStyle>
					<fill>0</fill>
				</PolyStyle>
			</Style>
			<Style id="s_ylw-pushpin_hl25">
				<IconStyle>
					<scale>1.3</scale>
					<Icon>
						<href>http://maps.google.com/mapfiles/kml/pushpin/ylw-pushpin.png</href>
					</Icon>
					<hotSpot x="20" y="2" xunits="pixels" yunits="pixels"/>
				</IconStyle>
				<LineStyle>
					<color>ff0000ff</color>
					<width>1.5</width>
				</LineStyle>
				<PolyStyle>
					<fill>0</fill>
				</PolyStyle>
			</Style>
			<Folder>
				<name>Shed</name>
				<Placemark>
					<styleUrl>#m_ylw-pushpin25</styleUrl>
					<ExtendedData>
						<SchemaData schemaUrl="#Shed">
							<SimpleData name="PXSYMBOL">12/11/2013 10:59:25:658 AM</SimpleData>
							<SimpleData name="TEXT">Shed</SimpleData>
							<SimpleData name="PX_AREA">0.26000</SimpleData>
							<SimpleData name="_PX_AREA">0.26000</SimpleData>
							<SimpleData name="AREAUNIT">ha</SimpleData>
							<SimpleData name="PX_PERIM">259.04000</SimpleData>
							<SimpleData name="_PX_PERIM">259.04000</SimpleData>
							<SimpleData name="PERIMUNIT">m</SimpleData>
							<SimpleData name="ENT_ID">0.0000</SimpleData>
							<SimpleData name="SEASON_ID">0.0000</SimpleData>
							<SimpleData name="SIDEKICK">N</SimpleData>
							<SimpleData name="BUF_DIST">0.00000</SimpleData>
							<SimpleData name="ZOOMFONTSZ">24143.05054</SimpleData>
							<SimpleData name="ZOOMSYMSZ">91963.56573</SimpleData>
							<SimpleData name="ZOOMSYMGAP">91963.56573</SimpleData>
							<SimpleData name="ZOOMOUTSZ">30654.52191</SimpleData>
							<SimpleData name="ZOOMOUTSG">0.00000</SimpleData>
							<SimpleData name="PXCIRCLE">0.0000</SimpleData>
						</SchemaData>
					</ExtendedData>
					<Polygon>
						<outerBoundaryIs>
							<LinearRing>
								<coordinates>
									150.2849205982313,-31.77327694145992,0 150.2852288959509,-31.77320235941946,0 150.2852162395842,-31.77327423020604,0 150.2850680365416,-31.77364980784361,0 150.2847201746478,-31.77363336947077,0 150.284724624742,-31.77385593967897,0 150.2844717455453,-31.77382645624315,0 150.2844184620705,-31.7734826509617,0 150.2848325164796,-31.77340130873444,0 150.2849205982313,-31.77327694145992,0 
								</coordinates>
							</LinearRing>
						</outerBoundaryIs>
					</Polygon>
				</Placemark>
			</Folder>
		</Document>
		<Document>
			<name>Upper Larrys Creek.kml</name>
			<Schema name="Upper_Larrys_Creek" id="Upper_Larrys_Creek">
				<SimpleField type="string" name="PXSYMBOL">
				</SimpleField>
				<SimpleField type="string" name="TEXT">
				</SimpleField>
				<SimpleField type="float" name="PX_AREA">
				</SimpleField>
				<SimpleField type="float" name="_PX_AREA">
				</SimpleField>
				<SimpleField type="string" name="AREAUNIT">
				</SimpleField>
				<SimpleField type="float" name="PX_PERIM">
				</SimpleField>
				<SimpleField type="float" name="_PX_PERIM">
				</SimpleField>
				<SimpleField type="string" name="PERIMUNIT">
				</SimpleField>
				<SimpleField type="float" name="ENT_ID">
				</SimpleField>
				<SimpleField type="float" name="SEASON_ID">
				</SimpleField>
				<SimpleField type="string" name="SIDEKICK">
				</SimpleField>
				<SimpleField type="float" name="BUF_DIST">
				</SimpleField>
				<SimpleField type="string" name="PARENT_SHP">
				</SimpleField>
				<SimpleField type="float" name="ZOOMFONTSZ">
				</SimpleField>
				<SimpleField type="float" name="ZOOMSYMSZ">
				</SimpleField>
				<SimpleField type="float" name="ZOOMSYMGAP">
				</SimpleField>
				<SimpleField type="float" name="ZOOMOUTSZ">
				</SimpleField>
				<SimpleField type="float" name="ZOOMOUTSG">
				</SimpleField>
				<SimpleField type="string" name="SYMBOL">
				</SimpleField>
				<SimpleField type="string" name="SYMBOLCODE">
				</SimpleField>
				<SimpleField type="string" name="TYPE_ID">
				</SimpleField>
				<SimpleField type="string" name="ENT_TYPE">
				</SimpleField>
				<SimpleField type="float" name="PXCIRCLE">
				</SimpleField>
			</Schema>
			<StyleMap id="m_ylw-pushpin29">
				<Pair>
					<key>normal</key>
					<styleUrl>#s_ylw-pushpin29</styleUrl>
				</Pair>
				<Pair>
					<key>highlight</key>
					<styleUrl>#s_ylw-pushpin_hl29</styleUrl>
				</Pair>
			</StyleMap>
			<Style id="s_ylw-pushpin29">
				<IconStyle>
					<scale>1.1</scale>
					<Icon>
						<href>http://maps.google.com/mapfiles/kml/pushpin/ylw-pushpin.png</href>
					</Icon>
					<hotSpot x="20" y="2" xunits="pixels" yunits="pixels"/>
				</IconStyle>
				<LineStyle>
					<color>ff0000ff</color>
					<width>1.5</width>
				</LineStyle>
				<PolyStyle>
					<fill>0</fill>
				</PolyStyle>
			</Style>
			<Style id="s_ylw-pushpin_hl29">
				<IconStyle>
					<scale>1.3</scale>
					<Icon>
						<href>http://maps.google.com/mapfiles/kml/pushpin/ylw-pushpin.png</href>
					</Icon>
					<hotSpot x="20" y="2" xunits="pixels" yunits="pixels"/>
				</IconStyle>
				<LineStyle>
					<color>ff0000ff</color>
					<width>1.5</width>
				</LineStyle>
				<PolyStyle>
					<fill>0</fill>
				</PolyStyle>
			</Style>
			<Folder>
				<name>Upper_Larrys_Creek</name>
				<open>1</open>
				<Placemark>
					<styleUrl>#m_ylw-pushpin29</styleUrl>
					<ExtendedData>
						<SchemaData schemaUrl="#Upper_Larrys_Creek">
							<SimpleData name="PXSYMBOL">29/03/2014 11:14:27:889 AM</SimpleData>
							<SimpleData name="TEXT">Upper Larrys Creek</SimpleData>
							<SimpleData name="PX_AREA">97.02000</SimpleData>
							<SimpleData name="_PX_AREA">97.02000</SimpleData>
							<SimpleData name="AREAUNIT">ha</SimpleData>
							<SimpleData name="PX_PERIM">4596.53000</SimpleData>
							<SimpleData name="_PX_PERIM">4596.53000</SimpleData>
							<SimpleData name="PERIMUNIT">m</SimpleData>
							<SimpleData name="ENT_ID">0.0000</SimpleData>
							<SimpleData name="SEASON_ID">0.0000</SimpleData>
							<SimpleData name="SIDEKICK">N</SimpleData>
							<SimpleData name="BUF_DIST">0.00000</SimpleData>
							<SimpleData name="ZOOMFONTSZ">253211.93735</SimpleData>
							<SimpleData name="ZOOMSYMSZ">992563.72195</SimpleData>
							<SimpleData name="ZOOMSYMGAP">992563.72195</SimpleData>
							<SimpleData name="ZOOMOUTSZ">330854.57398</SimpleData>
							<SimpleData name="ZOOMOUTSG">0.00000</SimpleData>
							<SimpleData name="PXCIRCLE">0.0000</SimpleData>
						</SchemaData>
					</ExtendedData>
					<Polygon>
						<outerBoundaryIs>
							<LinearRing>
								<coordinates>
									150.2570902504019,-31.76702633037729,0 150.2655352792162,-31.76842530808474,0 150.266697770769,-31.76981192436874,0 150.2672638411462,-31.77066270994158,0 150.2670373178544,-31.77226296729728,0 150.2675571766286,-31.77360872398252,0 150.2641380075026,-31.77465353455219,0 150.2580057805202,-31.77989716574369,0 150.2565653311745,-31.77050479102161,0 150.2534410639378,-31.76609837782642,0 150.2570902504019,-31.76702633037729,0 
								</coordinates>
							</LinearRing>
						</outerBoundaryIs>
					</Polygon>
				</Placemark>
			</Folder>
		</Document>
	</Folder>
</Document>
</kml>
